"Arroz, integral, cozido",124,25.8,2.6,1,NA,NA,2.7,1,,5,0.3,0.02,106,75,59,0.7,0.08,Colher de sopa,30
"Arroz, integral, cru",360,77.5,7.3,1.9,NA,NA,4.8,2,,8,0.9,0.07,251,173,110,1.4,0.26,Colher de sopa,
Arroz polido cozido,128,28.1,2.5,0.2,NA,NA,1.6,1,,4,0.1,0.02,18,15,2,0.5,Tr,Colher de sopa,30
Arroz polido cru,358,78.8,7.2,0.3,NA,NA,1.6,1,,4,0.7,0.11,104,62,30,1.2,0.16,,
"Aveia, flocos, crua",394,66.6,13.9,8.5,NA,NA,9.1,5,1.4,48,4.4,0.44,153,336,119,2.6,0.55,Colher de sopa,15
"Biscoito, doce, maisena",443,75.2,8.1,12,NA,NA,2.1,352,6.2,54,1.8,0.17,166,142,37,1,1.01,Unidade,5
"Biscoito, doce, recheado com chocolate",472,70.5,6.4,19.6,Tr,Tr,3,239,3.5,27,2.3,0.27,139,232,48,1,0.32,Unidade,13
"Biscoito, doce, recheado com morango",471,71,5.7,19.6,Tr,Tr,1.5,230,Tr,36,1.5,0.13,138,113,27,0.7,0.9,Unidade,15
"Biscoito, doce, wafer, recheado de chocolate",502,67.5,5.6,24.7,Tr,Tr,1.8,137,Tr,23,2.4,0.26,124,240,48,0.9,0.37,Unidade,"7,5"
"Biscoito, doce, wafer, recheado de morango",513,67.4,4.5,26.4,1,Tr,0.8,120,,14,1.1,0.08,73,75,19,0.5,0.36,Unidade,"7,5"
"Biscoito, salgado, cream cracker",432,68.7,10.1,14.4,NA,NA,2.5,854,,20,2.2,0.18,148,181,40,1.1,0.71,Unidade,"6,2"
"Bolo, mistura para",419,84.7,6.2,6.1,Tr,NA,1.7,463,Tr,59,1.2,0.15,333,75,28,0.6,0.18,Colher de sopa,"11,7"
"Bolo, pronto, aipim",324,47.9,4.4,12.7,73,Tr,0.7,111,Tr,85,0.5,0.05,122,135,10,0.4,0.13,Pedaço grande,100
"Bolo, pronto, chocolate",410,54.7,6.2,18.5,77,Tr,1.4,283,Tr,75,2.1,0.05,197,212,28,0.7,0.13,Fatia média,60
"Bolo, pronto, coco",333,52.3,5.7,11.3,63,Tr,1.1,190,Tr,57,0.8,0.09,303,143,16,0.7,0.15,Fatia média,70
"Bolo, pronto, milho",311,45.1,4.8,12.4,82,57,0.7,134,Tr,83,0.7,0.04,128,118,10,0.4,0.11,Fatia média,50
"Canjica, branca, crua",358,78.1,7.2,1,NA,NA,5.5,1,Tr,2,0.3,0.05,48,93,12,0.4,Tr,,
"Canjica, com leite integral",112,23.6,2.4,1.2,1,Tr,1.2,28,Tr,43,0.1,0.03,41,70,6,0.3,Tr,Concha cheia,120
"Cereais, milho, flocos, com sal",370,80.8,7.3,1.6,NA,NA,5.3,272,Tr,2,0.5,Tr,91,69,20,0.6,0.12,xícara,40
"Cereais, milho, flocos, sem sal",363,80.4,6.9,1.2,NA,NA,1.8,31,Tr,2,1.7,0.24,58,29,17,0.3,0.05,xícara,40
"Cereais, mingau, milho, infantil",394,87.3,6.4,1.1,NA,21,3.2,399,109.4,219,3,0.04,169,82,16,0.4,3.72,Colher de sopa,37
"Cereais, mistura para vitamina, trigo, cevada e aveia",381,81.6,8.9,2.1,NA,Tr,5,1163,13.1,584,12.6,0.21,515,244,72,2,0.76,Colher de sopa,9
"Cereal matinal, milho",365,83.8,7.2,1,NA,NA,4.1,655,17.3,143,3.1,0.06,101,83,11,7.6,0.76,xícara,40
"Cereal matinal, milho, açúcar",377,88.8,4.7,0.7,NA,NA,2.1,405,14.6,56,3.9,0.04,43,52,8,8.5,0.73,xícara,40
"Creme de arroz, pó",386,83.9,7,1.2,NA,NA,1.1,1,Tr,7,0.6,0.04,153,115,51,1.9,0.22,Colher de sopa,10
"Creme de milho, pó",333,86.1,4.8,1.6,NA,NA,3.7,594,96.3,323,4.3,0.04,303,166,30,0.8,0.74,Colher de sopa,35
"Curau, milho verde",78,13.9,2.4,1.6,5,12,0.5,21,Tr,53,0.4,0.03,75,162,16,0.4,0.04,xícara,210
"Curau, milho verde, mistura para",402,79.8,2.2,13.4,NA,NA,2.5,223,Tr,31,0.9,0.03,45,55,9,0.2,0.13,Colher de sopa,10
"Farinha, de arroz, enriquecida",363,85.5,1.3,0.3,NA,NA,0.6,17,173.6,1,31.4,Tr,36,13,4,8.5,3.23,Colher de sopa,17
"Farinha, de centeio, integral",336,73.3,12.5,1.8,NA,NA,15.5,41,Tr,34,4.7,0.56,340,334,120,2.7,0.29,Colher de sopa,15
"Farinha, de milho, amarela",351,79.1,7.2,1.5,NA,NA,5.5,45,Tr,1,2.3,0.27,84,58,31,0.6,0.25,Colher de sopa,15
"Farinha, de rosca",371,75.8,11.4,1.5,NA,NA,4.8,333,Tr,35,6.7,0.26,195,212,57,1.7,0.25,Colher de sopa,15
"Farinha, de trigo",360,75.1,9.8,1.4,NA,NA,2.3,1,Tr,18,1,0.15,115,151,31,0.8,0.31,Colher de sopa,20
"Farinha, láctea, de cereais",415,77.8,11.9,5.8,11,492,1.9,125,24.3,196,8.7,0.19,296,366,58,1.7,1.43,Colher de sopa,"7,5"
"Lasanha, massa fresca, cozida",164,32.5,5.8,1.2,NA,NA,1.6,207, ,10,1.2,0.07,42,54,4,0.4,0.04,fatia,100
"Lasanha, massa fresca, crua",220,45.1,7,1.3,NA,NA,1.6,667, ,17,1.9,0.1,82,137,13,0.8,0.08,,
"Macarrão, instantâneo",436,62.4,8.8,17.2,NA,NA,5.6,1516,Tr,18,0.8,0.1,112,148,19,0.5,1.18,pacote,80
"Macarrão, trigo, cru",371,77.9,10,1.3,NA,NA,2.9,7,Tr,17,0.9,0.15,100,147,28,0.8,0.18,,
"Macarrão, trigo, cru, com ovos",371,76.6,10.3,2,18,Tr,2.3,15,Tr,19,0.9,0.14,118,134,Tr,0.8,0.11,,
"Milho, amido, cru",361,87.1,0.6,Tr,NA,NA,0.7,8,Tr,1,0.1,0.02,13,9,3,0.1,Tr,Colher de sopa,20
"Milho, fubá, cru",353,78.9,7.2,1.9,NA,NA,4.7,Tr,Tr,3,0.9,0.08,108,168,41,1.1,0.25,Colher de sopa,20
"Milho, verde, cru",138,28.6,6.6,0.6,NA,NA,3.9,1,Tr,2,0.4,0.05,113,185,33,0.5,0.3,,
"Milho, verde, enlatado, drenado",98,17.1,3.2,2.4,NA,NA,4.6,260,1.7,2,0.6,0.05,61,162,20,0.5,Tr,Colher de sopa,24
"Mingau tradicional, pó",373,89.3,0.6,0.4,NA,1533,0.9,15,Tr,522,42,Tr,273,Tr,4,15.2,3.41,Colher de sopa,37
"Pamonha, barra para cozimento, pré-cozida",171,30.7,2.6,4.8,NA,NA,2.4,132,Tr,4,0.4,0.03,55,125,15,0.4,Tr,,
"Pão, aveia, forma",343,59.6,12.4,5.7,Tr,Tr,6,606,Tr,109,4.7,0.14,182,210,57,1.7,0.09,fatia,25
"Pão, de soja",309,56.5,11.3,3.6,NA,NA,5.7,663,Tr,90,3.3,0.16,153,296,48,1.5,0.07,fatia,25
"Pão, glúten, forma",253,44.1,12,2.7,NA,NA,2.5,22,Tr,156,5.7,0.06,105,65,24,1.3,0.04,fatia,25
"Pão, milho, forma",292,56.4,8.3,3.1,6,Tr,4.3,507,Tr,78,3,0.1,110,89,29,0.8,0.08,fatia,25
"Pão, trigo, forma, integral",253,49.9,9.4,3.7,NA,NA,6.9,506,Tr,132,3,0.15,193,163,60,1.6,0.08,fatia,25
"Pão, trigo, francês",300,58.6,8,3.1,NA,3,2.3,648, ,16,1,0.13,95,142,25,0.8,0.39,Unidade,50
"Pão, trigo, sovado",311,61.5,8.4,2.8,17,Tr,2.4,431,Tr,52,2.3,Tr,101,91,22,2.7,0.08,Fatia,50
"Pastel, de carne, cru",289,42,10.7,8.8,18,Tr,1,1309,Tr,17,2,0.11,117,166,18,1.7,0.06,,
"Pastel, de carne, frito",388,43.8,10.1,20.1,25,Tr,1,1040,,13,2.5,0.12,90,156,14,1.2,0.06,unidade média,32
"Pastel, de queijo, cru",308,45.9,9.9,9.6,14,Tr,1.1,985,Tr,155,1,0.1,168,103,16,1,0.07,,
"Pastel, de queijo, frito",422,48.1,8.7,22.7,15,18,0.9,821,Tr,126,1.3,0.1,124,124,15,0.8,0.09,unidade média,25
"Pastel, massa, crua",310,57.4,6.9,5.5,NA,NA,1.4,1344, ,13,1.1,0.11,73,167,14,0.6,0.15,,
"Pastel, massa, frita",570,49.3,6,40.9,NA,NA,1.3,1175, ,11,1.4,0.08,62,143,13,0.5,0.16,unidade,17
"Pipoca, com óleo de soja, sem sal",448,70.3,9.9,15.9,NA,NA,14.3,4,Tr,3,1.2,0.46,225,256,91,2,0.03,Saco médio,20
"Polenta, pré-cozida",103,23.3,2.3,0.3,NA,NA,2.4,442,Tr,1,Tr,0.04,17,100,4,0.1,0.04,,
"Torrada, pão francês",377,74.6,10.5,3.3,NA,NA,3.4,829,Tr,19,1.2,0.16,114,189,32,0.9,0.38,unidade,8
"Abóbora, cabotian, cozida",48,10.8,1.4,0.7,NA,NA,2.5,1,7.5,8,0.3,0.06,33,199,9,0.3,0.08,Colher de sopa,36
"Abóbora, cabotian, crua",39,8.4,1.7,0.5,NA,NA,2.2,Tr,5.1,18,0.4,0.06,26,351,9,0.3,Tr,,
"Abóbora, menina brasileira, crua",14,3.3,0.6,Tr,NA,NA,1.2,Tr,1.5,9,0.2,0.02,12,165,4,Tr,0.07,,
"Abóbora, moranga, crua",12,2.7,1,0.1,NA,NA,1.7,Tr,9.6,3,Tr,0.05,8,125,2,0.1,Tr,,
"Abóbora, moranga, refogada",29,6,0.4,0.8,NA,NA,1.5,3,6.7,19,0.1,0.04,12,183,7,0.1,0.05,Colher de sopa,36
"Abóbora, pescoço, crua",24,6.1,0.7,0.1,NA,NA,2.3,1,2.1,9,0.3,0.09,32,264,7,0.2,Tr,,
"Abobrinha, italiana, cozida",15,3,1.1,0.2,NA,NA,1.6,1,2.1,17,0.2,0.01,22,126,17,0.3,0.05,Colher de sopa,20
"Abobrinha, italiana, crua",19,4.3,1.1,0.1,NA,NA,1.4,Tr,6.9,15,0.2,0.05,32,253,20,0.2,Tr,,
"Abobrinha, italiana, refogada",24,4.2,1.1,0.8,NA,NA,1.4,2,7.5,21,0.4,0.02,32,194,13,0.3,0.04,Colher de sopa,20
"Abobrinha, paulista, crua",31,7.9,0.6,0.1,NA,NA,2.6,1,17.5,19,0.2,0.1,33,213,9,0.2,Tr,,
"Acelga, crua",21,4.6,1.4,0.1,NA,NA,1.1,1,22.6,43,0.3,0.1,40,240,10,0.3,0.04,Colher de sopa,6
"Agrião, cru",17,2.3,2.7,0.2,NA,NA,2.1,7,60.1,133,3.1,0.1,51,218,18,0.7,0.11,Colher de sopa,7
"Aipo, cru",19,4.3,0.8,0.1,NA,NA,1,10,5.9,65,0.7,0.31,28,274,9,0.1,Tr,Colher de sopa,10 
"Alface, americana, crua",9,1.7,0.6,0.1,NA,NA,1,7,11,14,0.3,0.02,19,136,6,0.2,0.03,1 Pires,20
"Alface, crespa, crua",11,1.7,1.3,0.2,NA,NA,1.8,3,15.6,38,0.4,0.03,26,267,11,0.3,0.11,1 Pires,20
"Alface, lisa, crua",14,2.4,1.7,0.1,NA,NA,2.3,4,21.4,28,0.6,0.03,26,349,9,0.3,0.09,1 Pires,20
"Alface, roxa, crua",13,2.5,0.9,0.2,NA,NA,2,7,13.5,34,2.5,0.04,51,308,9,0.2,Tr,1 Pires,20
"Alfavaca, crua",29,5.2,2.7,0.5,NA,NA,4.1,5,Tr,258,1.3,0.15,50,261,84,0.7,Tr,,
"Alho, cru",113,23.9,7,0.2,NA,NA,4.3,5,*,14,0.8,0.15,149,535,21,0.8,0.18,Dente grande,5
"Alho-poró, cru",32,6.9,1.4,0.1,NA,NA,2.5,2,14.1,34,0.6,0.29,36,224,11,0.2,0.06,Colher de sopa,10
"Almeirão, cru",18,3.3,1.8,0.2,NA,NA,2.6,2,1.7,19,0.7,0.1,40,369,21,0.3,0.1,Colher de sopa,10
"Almeirão, refogado",65,5.7,1.7,4.8,NA,NA,3.4,15,1.5,63,1.6,0.06,31,315,17,0.2,0.03,,
"Batata, baroa, cozida",80,18.9,0.9,0.2,NA,NA,1.8,2,17.1,12,0.4,0.15,29,258,8,0.4,0.06,Colher de sopa,35
"Batata, baroa, crua",101,24,1,0.2,NA,NA,2.1,Tr,7.6,17,0.3,0.05,45,505,12,0.2,0.05,,
"Batata, doce, cozida",77,18.4,0.6,0.1,NA,NA,2.2,3,23.8,17,0.2,0.06,15,148,11,0.1,0.08,colher de sopa,42
"Batata, doce, crua",118,28.2,1.3,0.1,NA,NA,2.6,9,16.5,21,0.4,0.11,36,340,17,0.2,0.06,unidade média,140
"Batata, frita, tipo chips, industrializada",543,51.2,5.6,36.6,NA,NA,2.5,607,Tr,12,0.7,0.12,96,1014,24,0.6,0.2,punhado,"12,8"
"Batata, inglesa, cozida",52,11.9,1.2,Tr,NA,NA,1.3,2,3.8,4,0.2,0.06,24,161,5,0.2,0.05,Colher de sopa,30
"Batata, inglesa, crua",64,14.7,1.8,Tr,NA,NA,1.2,Tr,31.1,4,0.4,0.09,39,302,15,0.2,0.1,,
"Batata, inglesa, frita",267,35.6,5,13.1,NA,NA,8.1,2,16.3,6,0.4,0.1,70,489,14,0.4,0.17,Escumadeira média,65
"Batata, inglesa, sauté",68,14.1,1.3,0.9,NA,NA,1.4,8,Tr,4,0.3,0.05,32,199,6,0.2,0.07,Colher de sopa,25
"Berinjela, cozida",19,4.5,0.7,0.1,NA,NA,2.5,1,Tr,11,0.2,0.04,15,105,9,0.1,0.04,Colher de sopa,25
"Berinjela, crua",20,4.4,1.2,0.1,NA,NA,2.9,Tr,3,9,0.2,0.06,20,205,13,0.1,0.04,,
"Beterraba, cozida",32,7.2,1.3,0.1,NA,NA,1.9,23,1.2,15,0.2,0.04,30,245,17,0.4,0.09,Colher de sopa,20
"Beterraba, crua, ralada",49,11.1,1.9,0.1,NA,NA,3.4,10,3.1,18,0.3,0.08,19,375,24,0.5,0.04,Colher de sopa,16
"Biscoito, polvilho doce",438,80.5,1.3,12.2,9,Tr,1.2,98,Tr,30,1.8,0.04,23,54,6,0.1,Tr,unidade,3
"Brócolis, cozido",25,4.4,2.1,0.5,NA,NA,3.4,2,42,51,0.5,0.08,33,119,15,0.2,0.04,Colher de sopa,10
"Brócolis, cru",25,4,3.6,0.3,NA,NA,2.9,3,34.3,86,0.6,0.06,78,322,30,0.5,0.12,,
"Cará, cozido",78,18.9,1.5,0.1,NA,NA,2.6,1,Tr,5,0.3,0.11,28,203,15,0.2,0.12,pedaço médio,100
"Cará, cru",96,23,2.3,0.1,NA,NA,7.3,Tr,8.8,4,0.2,0.06,35,212,11,0.2,0.11,,
"Caruru, cru",34,6,3.2,0.6,NA,NA,4.5,14,5.4,455,4.5,0.37,77,279,197,6,Tr,Colher de sopa,25
"Catalonha, crua",24,4.8,1.9,0.3,NA,NA,2,9,7.3,57,3.1,0.27,32,412,17,0.5,Tr,Folha média,12
"Catalonha, refogada",63,4.8,2,4.8,NA,NA,3.7,25,Tr,63,1.2,0.18,35,452,16,0.4,0.04,,
"Cebola, crua",39,8.9,1.7,0.1,NA,NA,2.2,1,4.7,14,0.2,0.05,38,176,12,0.2,0.04,Colher de sopa,10
"Cebolinha, crua",20,3.4,1.9,0.4,NA,NA,3.6,2,31.8,80,0.6,0.04,27,206,25,0.3,0.03,Colher de sopa,10
"Cenoura, cozida",30,6.7,0.8,0.2,NA,NA,2.6,8,Tr,26,0.1,0.02,27,176,14,0.2,0.07,Colher de sopa,25
"Cenoura, crua ralada",34,7.7,1.3,0.2,NA,NA,3.2,3,5.1,23,0.2,0.05,28,315,11,0.2,Tr,Colher de sopa,12
"Chicória, crua",14,2.9,1.1,0.1,NA,NA,2.2,14,6.5,45,0.5,0.04,13,425,14,0.1,0.03,Folha média,12
"Chuchu, cozido",19,4.8,0.4,Tr,NA,NA,1,2,5.6,8,0.1,Tr,13,54,7,0.1,0.03,Colher de sopa,20
"Chuchu, cru",17,4.1,0.7,0.1,NA,NA,1.3,Tr,10.6,12,0.2,0.03,18,126,7,0.1,Tr,,
"Coentro, folhas desidratadas",309,48,20.9,10.4,NA,NA,37.3,18,40.8,784,81.4,4.09,388,3223,393,4.7,0.1,,
"Couve, manteiga, crua",27,4.3,2.9,0.5,NA,NA,3.1,6,96.7,131,0.5,0.06,49,403,35,0.4,0.2,Folha média,20
"Couve, manteiga, refogada ",90,8.7,1.7,6.6,NA,NA,5.7,11,76.9,177,0.5,0.02,33,315,26,0.2,Tr,Colher de sopa,20
"Couve-flor, crua",23,4.5,1.9,0.2,NA,NA,2.4,3,36.1,18,0.5,0.03,57,256,12,0.3,0.03,,
"Couve-flor, cozida",19,3.9,1.2,0.3,NA,NA,2.1,2,23.7,16,0.1,Tr,25,80,5,0.3,0.04,Colher de sopa,25
"Espinafre, Nova Zelândia, cru",16,2.6,2,0.2,NA,NA,2.1,17,2.4,98,0.4,0.06,25,336,82,0.3,0.1,Colher de sopa,20
"Espinafre, Nova Zelândia, refogado",67,4.2,2.7,5.4,NA,NA,2.5,47,5.3,112,0.6,0.04,34,149,123,0.6,0.08,Colher de sopa,25
"Farinha, de mandioca, crua",361,87.9,1.6,0.3,NA,NA,6.4,1,Tr,65,1.1,0.08,42,340,37,0.4,0.14,Colher de sopa,16
"Farinha, de mandioca, torrada",365,89.2,1.2,0.3,NA,NA,6.5,10,Tr,76,1.2,Tr,39,328,40,0.4,Tr,Colher de sopa,16
"Farinha, de puba",360,87.3,1.6,0.5,NA,NA,4.2,4,Tr,41,1.4,0.07,33,338,27,0.3,0.09,xícara,160
"Fécula, de mandioca",331,81.1,0.5,0.3,NA,NA,0.6,2,Tr,12,0.1,Tr,60,48,3,Tr,0.03,Colher de sopa,20
"Feijão, broto, cru",39,7.8,4.2,0.1,NA,NA,2,2,12,14,0.8,0.17,75,189,25,0.6,Tr,,
"Inhame, cru",97,23.2,2.1,0.2,NA,NA,1.7,Tr,5.6,12,0.4,0.17,65,568,29,0.3,0.08,,
"Jiló, cru",27,6.2,1.4,0.2,NA,NA,4.8,Tr,6.8,20,0.3,0.07,29,213,21,0.1,0.07,,
"Jurubeba, crua",126,23.1,4.4,3.9,NA,NA,23.9,1,13.8,151,0.9,1.16,155,619,65,0.6,0.13,,
"Mandioca, cozida",125,30.1,0.6,0.3,NA,NA,1.6,1,11.1,19,0.1,0.01,22,100,27,0.2,0.06,Colher de sopa,30
"Mandioca, crua",151,36.2,1.1,0.3,NA,NA,1.9,2,16.5,15,0.3,0.07,29,208,44,0.2,Tr,,
"Mandioca, farofa, temperada",406,80.3,2.1,9.1,NA,NA,7.8,575,Tr,66,1.4,Tr,45,201,34,0.2,0.1,Colher de sopa,25
"Mandioca, frita",300,50.3,1.4,11.2,NA,NA,1.9,9,Tr,23,0.3,0.12,57,176,95,0.4,0.05,rama média,100
"Manjericão, cru",21,3.6,2,0.4,NA,NA,3.3,4,2.3,211,1,0.16,40,252,58,0.5,0.06,,
"Maxixe, cru",14,2.7,1.4,0.1,NA,NA,2.2,11,9.6,21,0.4,0.02,25,328,10,0.2,0.06,,
"Mostarda, folha, crua",18,3.2,2.1,0.2,NA,NA,1.9,3,38.6,68,1.1,0.05,58,364,16,0.3,0.05,,
"Nhoque, batata, cozido",181,36.8,5.9,1.9,15,15,1.8,7,Tr,11,1.6,0.1,68,164,18,0.5,0.08,Colher de sopa,25
"Nabo, cru",18,4.1,1.2,0.1,NA,NA,2.6,2,9.6,42,0.2,0.02,17,280,15,0.2,0.07,,
"Palmito, juçara, em conserva",23,4.3,1.8,0.4,NA,NA,3.2,514,2,58,0.3,0.23,40,244,34,0.7,0.06,Colher de sopa,15
"Palmito, pupunha, em conserva",29,5.5,2.5,0.5,NA,NA,2.6,563,8.7,32,0.2,0.08,55,206,25,0.4,0.03,Colher de sopa,15
"Pão, de queijo, assado",363,34.2,5.1,24.6,68,61,0.6,773, ,102,0.3,0.01,94,93,8,0.6,0.04,unidade média,30
"Pão, de queijo, cru",295,38.5,3.6,14,63,48,1,405, ,88,0.3,Tr,79,58,7,0.4,Tr,,
"Pepino, cru",10,2,0.9,Tr,NA,NA,1.1,Tr,5,10,0.1,0.04,12,154,9,0.1,Tr,Fatia média,3 
"Pimentão, amarelo, cru",28,6,1.2,0.4,NA,NA,1.9,Tr,201.4,10,0.4,0.04,22,221,11,0.2,0.04,,
"Pimentão, verde, cru",21,4.9,1.1,0.2,NA,NA,2.6,Tr,100.2,9,0.4,0.07,17,174,8,0.1,Tr,,
"Pimentão, vermelho, cru",23,5.5,1,0.1,NA,NA,1.6,Tr,158.2,6,0.3,0.04,20,211,11,0.2,0.05,,
"Polvilho, doce",351,86.8,0.4,Tr,NA,NA,0.2,2,Tr,27,0.5,Tr,8,38,4,Tr,Tr,Colher de sopa,16
"Quiabo, cru",30,6.4,1.9,0.3,NA,NA,4.6,1,5.6,112,0.4,0.17,56,249,50,0.6,0.1,,
"Rabanete, cru",14,2.7,1.4,0.1,NA,NA,2.2,11,9.6,21,0.4,0.02,25,328,10,0.2,0.06,Colher de sopa,35
"Repolho, branco, cru",17,3.9,0.9,0.1,NA,NA,1.9,4,18.7,35,0.2,0.02,14,150,9,0.2,Tr,Colher de sopa,10
"Repolho, roxo, cru",31,7.2,1.9,0.1,NA,NA,2,2,43.2,44,0.5,0.9,58,328,18,0.3,0.07,Colher de sopa,10
"Repolho, roxo, refogado",42,7.6,1.8,1.2,NA,NA,1.8,3,40.5,43,0.5,0.02,59,321,17,0.3,0.07,Colher de sopa,10
"Rúcula, crua",13,2.2,1.8,0.1,NA,NA,1.7,9,46.3,117,0.9,0.04,25,233,18,0.2,0.04,,
"Salsa, crua",33,5.7,3.3,0.6,NA,NA,1.9,2,51.7,179,3.2,0.2,49,711,21,1.3,0.12,Colher de sopa,10
"Seleta de legumes, enlatada",57,12.7,3.4,0.4,NA,NA,3.1,398,Tr,16,1.1,0.08,49,122,16,0.5,0.03,xícara de chá,130
"Serralha, crua",30,4.9,2.7,0.7,NA,NA,3.5,19,1.5,126,1.3,0.2,48,265,30,1.3,Tr,,
"Taioba, crua",34,5.4,2.9,0.9,NA,NA,4.5,1,17.9,141,1.9,0.16,53,290,38,0.6,Tr,Colher de sopa,20
"Tomate, com semente, cru",15,3.1,1.1,0.2,NA,NA,1.2,1,21.2,7,0.2,0.04,20,222,11,0.1,0.12,fatia média,15
"Tomate, extrato",61,15,2.4,0.2,NA,NA,2.8,498,18,29,2.1,0.2,47,680,29,0.4,Tr,Colher de sopa,20
"Tomate, molho industrializado",38,7.7,1.4,0.9,NA,NA,3.1,418,2.7,12,1.6,0.08,27,388,17,0.1,Tr,Colher de sopa,20
"Tomate, purê",28,6.9,1.4,Tr,NA,NA,1,104,5.4,13,1.3,0.09,30,308,15,0.3,Tr,Colher de sopa,20
"Tomate, salada",21,5.1,0.8,Tr,NA,NA,2.3,5,12.8,7,0.3,0.07,23,161,10,0.2,0.06,,
"Vagem, crua",25,5.3,1.8,0.2,NA,NA,2.4,Tr,1.2,41,0.4,0.06,28,208,18,0.3,Tr,Colher de sopa,20
"Abacate, cru, picado",96,6,1.2,8.4,NA,NA,6.3,Tr,8.7,8,0.2,0.15,22,206,15,0.2,Tr,Colher de sopa,45
"Abacaxi, cru",48,12.3,0.9,0.1,NA,NA,1,Tr,34.6,22,0.3,0.11,13,131,18,0.1,0.17,Fatia média,75
"Abacaxi, polpa, congelada",31,7.8,0.5,0.1,NA,NA,0.3,1,1.2,14,0.4,0.04,8,107,10,0.1,0.05,,
"Abiu, cru",62,14.9,0.8,0.7,NA,NA,1.7,Tr,10.3,6,0.2,0.09,20,128,9,0.1,Tr,unidade ,70
"Açaí, polpa, com xarope de guaraná e glucose",110,21.5,0.7,3.7,NA,NA,1.7,15,10.3,22,0.3,0.14,11,75,13,0.2,Tr,copo duplo,240
"Açaí, polpa, congelada",58,6.2,0.8,3.9,NA,NA,2.6,5,Tr,35,0.4,0.18,16,124,17,0.3,Tr,taça pequena,100
"Acerola, crua",33,8,0.9,0.2,NA,NA,1.5,Tr,941.4,13,0.2,0.07,9,165,13,0.1,Tr,unidade,12
"Acerola, polpa, congelada",22,5.5,0.6,Tr,NA,NA,0.7,1,623.2,8,0.2,0.04,13,112,9,0.1,Tr,,
"Ameixa, calda, enlatada ",183,46.9,0.4,Tr,NA,NA,0.5,3,4.3,13,2.2,0.03,21,221,10,0.1,Tr,unidade média,42
"Ameixa, crua",53,13.9,0.8,Tr,NA,NA,2.4,Tr,7.6,6,0.1,0.06,14,134,5,0.1,0.07,unidade média,16
"Ameixa, em calda, enlatada, drenada ",177,47.7,1,0.3,NA,NA,4.5,3,5.2,39,2.7,0.16,26,263,14,0.2,Tr,,
"Atemóia, crua",97,25.3,1,0.3,NA,NA,2.1,1,10.1,23,0.2,0.17,23,300,25,0.2,0.09,unidade,500
"Banana, da terra, crua",128,33.7,1.4,0.2,NA,NA,1.5,Tr,15.7,4,0.3,0.05,26,328,24,0.2,0.03,unidade média,31
"Banana, doce em barra",280,75.7,2.2,0.1,NA,NA,3.8,10,Tr,12,0.6,0.16,37,518,49,0.3,0.03,unidade,15
"Banana, figo, crua",105,27.8,1.1,0.1,NA,NA,2.8,Tr,17.5,6,0.2,0.06,16,387,30,0.1,0.09,,
"Banana, maçã, crua",87,22.3,1.8,0.1,NA,NA,2.6,Tr,10.5,3,0.2,0.11,29,264,24,0.1,Tr,unidade média,65
"Banana, nanica, crua",92,23.8,1.4,0.1,NA,NA,1.9,Tr,5.9,3,0.3,0.1,27,376,28,0.2,Tr,unidade,100
"Banana, ouro, crua",112,29.3,1.5,0.2,NA,NA,2,Tr,7.6,3,0.3,0.08,22,355,28,0.3,Tr,unidade média,80
"Banana, pacova, crua",78,20.3,1.2,0.1,NA,NA,2,1,Tr,5,0.4,0.06,20,267,30,0.1,0.05,unidade,270
"Banana, prata, crua",98,26,1.3,0.1,NA,NA,2,Tr,21.6,8,0.4,0.05,22,358,26,0.1,Tr,unidade média,40
"Cacau, cru",74,19.4,1,0.1,NA,NA,2.2,1,13.6,12,0.3,0.15,9,72,25,0.6,0.25,Colher de sopa,"6,5"
"Cajá-Manga, cru",46,11.4,1.3,Tr,NA,NA,2.6,1,26.7,13,0.2,0.02,24,119,11,0.2,0.11,unidade média,55
"Cajá, polpa, congelada",26,6.4,0.6,0.2,NA,NA,1.4,7,Tr,9,0.3,0.1,26,148,7,0.1,0.04,,
"Caju, cru",43,10.3,1,0.3,NA,NA,1.7,3,219.3,1,0.2,0.07,16,124,10,0.1,Tr,unidade pequena,20
"Caju, polpa, congelada",37,9.4,0.5,0.2,NA,NA,0.8,4,119.7,1,0.1,0.07,10,88,7,0.1,Tr,,
"Caju, suco concentrado, envasado",45,10.7,0.4,0.2,NA,NA,0.6,45,138.7,1,0.1,0.04,11,107,8,0.1,Tr,1 copo,200
"Caqui, chocolate, cru",71,19.3,0.4,0.1,NA,NA,6.5,2,29.6,18,0.1,Tr,18,164,9,0.2,Tr,unidade média,110
"Carambola, crua",46,11.5,0.9,0.2,NA,NA,2,4,60.9,5,0.2,0.08,11,133,7,0.2,0.12,unidade,130
"Ciriguela, crua",76,18.9,1.4,0.4,NA,NA,3.9,2,27,27,0.4,0.12,49,248,18,0.5,0.14,,
"Cupuaçu, cru",49,10.4,1.2,1,NA,NA,3.1,3,24.5,13,0.5,0.07,21,331,18,0.3,0.37,unidade,750
"Cupuaçu, polpa, congelada",49,11.4,0.8,0.6,NA,NA,1.6,1,10.5,5,0.3,0.14,14,291,14,0.2,0.07,,
"Figo, cru",41,10.2,1,0.2,NA,NA,1.8,Tr,0.8,27,0.2,0.13,15,174,11,0.1,0.05,unidade média,55
"Figo, enlatado, em calda",184,50.3,0.6,0.2,NA,NA,2,7,5.2,33,0.5,0.25,6,39,7,0.1,Tr,,
"Fruta-pão, crua",67,17.2,1.1,0.2,NA,NA,5.5,1,9.9,34,0.2,0.07,27,188,24,0.1,0.03,1/5 unidade,500
"Goiaba, branca, com casca, crua",52,12.4,0.9,0.5,NA,NA,6.3,Tr,99.2,5,0.2,0.04,16,220,7,0.2,Tr,unidade média,170
"Goiaba, doce em pasta",269,74.1,0.6,0,NA,NA,3.7,4,23.1,10,0.4,0.06,54,165,6,0.1,0.07,fatia pequena,40
"Goiaba, doce, cascão",286,78.7,0.4,0.1,NA,NA,4.4,11,34.3,15,0.4,0.08,28,251,10,0.1,Tr,,
"Goiaba, vermelha, com casca, crua",54,13,1.1,0.4,NA,NA,6.2,Tr,80.6,4,0.2,0.04,15,198,7,0.1,Tr,unidade média,170
"Graviola, crua",62,15.8,0.8,0.2,NA,NA,1.9,4,19.1,40,0.2,0.04,19,250,23,0.1,0.17,unidade,500
"Graviola, polpa, congelada",38,9.8,0.6,0.1,NA,NA,1.2,3,10.5,6,0.1,0.06,17,170,10,0.1,Tr,,
"Jabuticaba, crua",58,15.3,0.6,0.1,NA,NA,2.3,Tr,16.2,8,0.1,0.07,15,130,18,0.3,0.06,unidade,5
"Jaca, crua",88,22.5,1.4,0.3,NA,NA,2.4,2,14.8,11,0.4,0.09,14,234,40,0.2,0.1,Colher de sopa,15
"Jambo, cru",27,6.5,0.9,0.1,NA,NA,5.1,22,3.8,14,0.1,0.02,18,135,14,0.1,0.08,unidade,65
"Jamelão, cru",41,10.6,0.5,0.1,NA,NA,1.8,1,27.1,3,0,0.03,4,394,2,0,0.17,unidade média,10
"Kiwi, cru",51,11.5,1.3,0.6,NA,NA,2.7,Tr,70.8,24,0.3,0.15,33,269,11,0.1,Tr,unidade média,76
"Laranja, baía, crua",45,11.5,1,0.1,NA,NA,1.1,Tr,56.9,35,0.1,0.04,24,174,9,0.1,0.06,unidade,180
"Laranja, baía, suco",37,8.7,0.7,Tr,NA,NA,Tr,Tr,94.5,6,0.1,0.02,22,173,8,Tr,0.03,copo americano,250
"Laranja, da terra, crua",51,12.9,1.1,0.2,NA,NA,4,1,34.7,51,0.1,0.04,20,173,14,0.2,0.07,unidade grande,180
"Laranja, da terra, suco",41,9.6,0.7,0.1,NA,NA,1,Tr,44.3,13,0.1,0.02,15,145,10,0.1,0.04,copo americano,250
"Laranja, lima, crua",46,11.5,1.1,0.1,NA,NA,1.8,1,43.5,31,0.1,0.03,15,130,10,0.1,0.09,unidade,165
"Laranja, lima, suco",39,9.2,0.7,0.1,NA,NA,0.4,Tr,41.3,8,Tr,0.02,16,129,11,0,0.1,copo americano,250
"Laranja, pêra, crua",37,8.9,1,0.1,NA,NA,0.8,Tr,53.7,22,0.1,0.03,23,163,9,0.1,0.07,unidade,173
"Laranja, pêra, suco",33,7.6,0.7,0.1,NA,NA,Tr,Tr,73.3,7,Tr,0.01,14,149,8,Tr,Tr,copo americano,250
"Laranja, valência, crua",46,11.7,0.8,0.2,NA,NA,1.7,1,47.8,34,0.1,0.04,20,158,14,0.1,0.07,unidade,196
"Laranja, valência, suco",36,8.6,0.5,0.1,NA,NA,0.4,Tr,*,9,Tr,0.02,17,143,10,Tr,*,copo americano,250
"Limão, cravo, suco",14,5.2,0.3,Tr,NA,NA,Tr,Tr,32.8,10,0.1,0.03,11,120,9,,Tr,copo americano,250
"Limão, galego, suco",22,7.3,0.6,0.1,NA,NA,Tr,Tr,34.5,5,0.1,0.02,13,113,6,0.1,Tr,copo americano,250
"Limão, tahiti, cru",32,11.1,0.9,0.1,NA,NA,1.2,1,38.2,51,0.2,0.06,24,128,10,0.2,0.3,unidade,170
"Maçã, Argentina, com casca, crua",63,16.6,0.2,0.2,NA,NA,2,1,1.5,3,0.1,0.03,11,117,5,Tr,0.05,unidade,200
"Maçã, Fuji, com casca, crua",56,15.2,0.3,Tr,NA,NA,1.3,Tr,2.4,2,0.1,0.06,9,75,2,Tr,Tr,unidade,80
"Macaúba, crua",404,13.9,2.1,40.7,NA,NA,13.4,1,13.4,67,0.8,0.35,44,306,66,0.7,0.11,unidade grande,50
" Mamão, doce em calda, drenado",196,54,0.2,0.1,NA,NA,1.3,3,3.9,20,0.1,0.02,4,68,6,0.1,0.03,,
"Mamão, Formosa, cru",45,11.6,0.8,0.1,NA,NA,1.8,3,78.5,25,0.2,1.36,11,222,17,0.1,0.03,fatia média,170
"Mamão, Papaia, cru",40,10.4,0.5,0.1,NA,NA,1,2,82.2,22,0.2,0.02,11,126,22,0.1,0.03,1/2 unidade,112
" Mamão verde, doce em calda, drenado",209,57.6,0.3,0.1,NA,NA,1.2,5,Tr,12,0.2,0.02,3,9,5,0,Tr,,
"Manga, Haden, crua",64,16.7,0.4,0.3,NA,NA,1.6,1,17.4,12,0.1,0.1,9,148,8,0.1,0.02,unidade média,140
"Manga, Palmer, crua",72,19.4,0.4,0.2,NA,NA,1.6,2,65.5,12,0.1,0.09,14,157,9,0.1,0.09,unidade,165
"Manga, polpa, congelada",48,12.5,0.4,0.2,NA,NA,1.1,7,24.9,7,0.1,0.06,9,131,9,0.1,Tr,,
"Manga, Tommy Atkins, crua",51,12.8,0.9,0.2,NA,NA,2.1,Tr,7.9,8,0.1,0.06,14,138,7,0.1,Tr,unidade,140
"Maracujá, cru",68,12.3,2,2.1,NA,NA,1.1,2,19.8,5,0.6,0.19,51,338,28,0.4,Tr,Colher de sopa,40
"Maracujá, polpa, congelada",39,9.6,0.8,0.2,NA,NA,0.5,8,7.3,5,0.3,0.05,15,228,10,0.2,Tr,,
"Maracujá, suco concentrado, envasado",42,9.6,0.8,0.2,NA,NA,0.4,22,13.7,4,0.3,0.05,14,201,4,0.1,Tr,Colher de sopa,10
"Melancia, crua",33,8.1,0.9,Tr,NA,NA,0.1,Tr,6.1,8,0.2,0.04,12,104,10,0.1,Tr,fatia média,200
"Melão, cru",29,7.5,0.7,Tr,NA,NA,0.3,11,8.7,3,0.2,0.04,10,216,6,0.1,Tr,fatia grande,115
"Mexerica, Murcote, crua",58,14.9,0.9,0.1,NA,NA,3.1,1,21.8,33,0.1,0.06,19,159,12,0.1,0.08,unidade grande,100
"Mexerica, Rio, crua",37,9.3,0.7,0.1,NA,NA,2.7,2,112,17,0.1,0.07,14,125,8,0.2,0.03,unidade grande,100
"Morango, cru",30,6.8,0.9,0.3,NA,NA,1.7,Tr,63.6,11,0.3,0.06,22,184,10,0.2,Tr,unidade média,12 
"Nêspera, crua",43,11.5,0.3,Tr,NA,NA,3,Tr,3.2,20,0.1,0.12,10,113,10,0.1,Tr,unidade média,55
"Pequi, cru",205,13,2.3,18,NA,NA,19,Tr,8.3,32,0.3,0.21,34,298,30,1,0.17,unidade,"76,40"
"Pêra, Park, crua",61,16.1,0.2,0.2,NA,NA,3,1,2.4,9,0.3,0.08,12,102,6,0.1,0.06,unidade média,110
"Pêra, Williams, crua",53,14,0.6,0.1,NA,NA,3,Tr,2.8,8,0.1,0.07,12,116,6,0.1,Tr,unidade média,110
"Pêssego, Aurora, cru",36,9.3,0.8,Tr,NA,NA,1.4,Tr,3.3,3,0.2,0.02,15,124,4,0.1,0.05,unidade média,60
"Pêssego, enlatado, em calda",63,16.9,0.7,Tr,NA,NA,1,3,Tr,4,0.6,0.04,9,95,4,0.1,Tr,Colher de sopa,30
"Pinha, crua",88,22.4,1.5,0.3,NA,NA,3.4,1,35.9,21,0.2,0.11,34,283,31,0.2,0.12,unidade média,60
"Pitanga, crua",41,10.2,0.9,0.2,NA,NA,3.2,2,24.9,18,0.4,0.08,13,113,12,0.4,0.03,unidade,15
"Pitanga, polpa, congelada",19,4.8,0.3,0.1,NA,NA,0.7,5,Tr,8,0.4,0.06,12,87,6,0.1,Tr,,
"Romã, crua",56,15.1,0.4,Tr,NA,NA,0.4,1,8.1,5,0.3,0.19,40,485,13,0.7,0.12,Colher de sopa,15
"Tamarindo, cru",276,72.5,3.2,0.5,NA,NA,6.4,0,7.2,37,0.6,0.29,55,723,59,0.7,0.31,,
"Tangerina, Poncã, crua",38,9.6,0.8,0.1,NA,NA,0.9,Tr,48.8,13,0.1,0.03,12,131,8,Tr,0.06,unidade média,135
"Tangerina, Poncã, suco",36,8.8,0.5,Tr,NA,NA,Tr,Tr,41.8,4,Tr,0.02,9,119,6,Tr,0.06,copo americano,200
"Tucumã, cru",262,26.5,2.1,19.1,NA,NA,12.7,4,18,46,0.6,0.39,53,401,121,0.9,0.04,Colher de sopa,30
"Umbu, cru",37,9.4,0.8,Tr,NA,NA,2,Tr,24.1,12,0.1,0.04,13,152,11,0.4,0.05,unidade,8
"Umbu, polpa, congelada",34,8.8,0.5,0.1,NA,NA,1.3,6,4,11,0.2,0.04,13,154,8,0.1,Tr,,
"Uva, Itália, crua",53,13.6,0.7,0.2,NA,NA,0.9,Tr,3.3,7,0.1,0.11,12,162,5,Tr,Tr,unidade,8
"Uva, Rubi, crua",49,12.7,0.6,0.2,NA,NA,0.9,8,1.9,8,0.2,0.05,23,159,6,Tr,0.02,unidade,8
"Uva, suco concentrado, envasado",58,14.7,Tr,Tr,NA,NA,0.2,10,21,9,0.1,0.13,10,54,7,0.1,0.07,,
"Azeite, de dendê",884,NA,NA,100,NA,NA,NA,,,,,,,,,,,Colher de sopa,8
"Azeite, de oliva, extra virgem",884,NA,NA,100,NA,NA,NA,,,,,,,,,,,Colher de sopa,8
"Manteiga, com sal",726,0.1,0.4,82.4,201,924,NA,579,Tr,9,0.2,Tr,28,15,1,Tr,Tr,Colher de sopa,32
"Manteiga, sem sal",758,0,0.4,86,214,1013,NA,4,Tr,4,Tr,0.04,7,5,1,Tr,Tr,Colher de sopa,32
"Margarina, com óleo hidrogenado, com sal (65% de lipídeos)",596,0,Tr,67.4,NA,462,NA,894,Tr,6,0.1,Tr,7,21,1,Tr,Tr,Colher de sopa,32
"Margarina, com óleo hidrogenado, sem sal (80% de lipídeos)",723,0,Tr,81.7,NA,534,NA,78,Tr,3,0.1,Tr,4,2,1,Tr,Tr,Colher de sopa,32
"Margarina, com óleo interesterificado, com sal (65%de lipídeos)",594,0,Tr,67.2,NA,385,NA,561,Tr,5,Tr,Tr,6,15,1,Tr,Tr,Colher de sopa,32
"Margarina, com óleo interesterificado, sem sal (65% de lipídeos)",593,0,Tr,67.1,NA,245,NA,33,Tr,5,0.1,Tr,7,5,1,Tr,Tr,Colher de sopa,32
"Óleo, de babaçu",884,NA,NA,100,NA,NA,NA,,,,,,,,,,,Colher de sopa,8
"Óleo, de canola",884,NA,NA,100,NA,NA,NA,,,,,,,,,,,Colher de sopa,8
"Óleo, de girassol",884,NA,NA,100,NA,NA,NA,,,,,,,,,,,Colher de sopa,8
"Óleo, de milho",884,NA,NA,100,NA,NA,NA,,,,,,,,,,,Colher de sopa,8
"Óleo, de pequi",884,NA,NA,100,NA,NA,NA,,,,,,,,,,,Colher de sopa,8
"Óleo, de soja",884,NA,NA,100,NA,NA,NA,,,,,,,,,,,Colher de sopa,8
"Abadejo, filé, congelado, assado",112,0,23.5,1.2,103,Tr,NA,334,,23,0.5,0.03,338,156,20,0.5,Tr,filé médio,100
"Abadejo, filé, congelado,cozido",91,0,19.3,0.9,87,Tr,NA,189,,17,0.3,0.03,351,146,16,0.4,Tr,filé médio,100
"Abadejo, filé, congelado, cru",59,0,13.1,0.4,31,Tr,NA,79,,10,0.1,0.14,91,148,14,0.4,0.04,,
"Abadejo, filé, congelado, grelhado",130,0,27.6,1.3,136,6,NA,305,,20,0.3,Tr,581,279,22,0.4,0.03,,
"Atum, conserva em óleo",166,0,26.2,6,53,Tr,NA,362,,7,1.2,0.04,211,280,29,0.6,0.15,Colher de sopa,45
"Atum, fresco, cru",118,0,25.7,0.9,48,20,NA,30,,7,1.3,0.09,254,308,32,0.4,Tr,posta,100
"Bacalhau, salgado, cru",136,0,29,1.3,139,Tr,NA,13585,,157,0.9,0.09,186,434,49,0.7,Tr,Colher de sopa,15
"Bacalhau, salgado, refogado",140,1.2,24,3.6,112,Tr,*,1256,Tr,59,0.2,0.04,51,50,15,0.6,0.03,Colher de sopa,15
"Cação, posta, com farinha de trigo, frita",208,3.1,25,10,75,17,0.5,160,,30,1,Tr,462,420,26,0.6,Tr,,
"Cação, posta, cozida",116,0,25.6,0.7,83,12,NA,115,,10,0.3,0.03,204,249,21,0.6,Tr,,
"Cação, posta, crua",83,0,17.9,0.8,36,6,NA,176,,9,0.2,0.13,181,299,19,0.3,0.04,posta,100
"Camarão, Rio Grande, grande, cozido",90,0,19,1,241,Tr,NA,367,,90,1.3,0.17,266,102,19,1.2,Tr,unidade grande,30
"Camarão, Rio Grande, grande, cru",47,0,10,0.5,124,20,NA,201,,51,0.7,0.11,234,72,27,0.7,Tr,unidade grande,30
"Camarão, Sete Barbas, sem cabeça, com casca, frito",231,2.9,18.4,15.6,283,Tr,NA,99,,960,2.4,0.19,337,107,74,1.1,0.05,,
"Caranguejo, cozido",83,0,18.5,0.4,85,Tr,NA,360,Tr,357,2.9,0.72,154,186,52,5.7,0.04,Colher de sopa,20
"Corimba, cru",128,0,17.4,6,40,Tr,NA,47,,40,0.5,0.03,190,317,23,0.4,Tr,filé médio,120
"Corimbatá, assado",261,0,19.9,19.6,80,Tr,NA,40,,22,1,0.03,221,326,24,0.7,0.13,filé médio,120
"Corimbatá, cozido",239,0,20.1,16.9,75,Tr,NA,37,,65,0.6,0.05,185,254,23,1,Tr,filé médio,120
"Corvina de água doce, crua",101,0,18.9,2.2,73,8,NA,45,,39,0.3,0.02,154,293,25,0.4,Tr,filé médio,120
"Corvina do mar, crua",94,0,18.6,1.6,67,65,NA,68,,*,0.4,0.03,183,339,24,0.4,0.12,filé médio,120
"Corvina grande, assada",147,0,26.8,3.6,117,Tr,NA,85,,60,0.5,0.02,176,291,24,0.7,0.11,filé médio,120
"Corvina grande, cozida",100,0,23.4,2.6,123,6,NA,68,,69,0.6,0.03,164,194,22,0.7,Tr,filé médio,120
"Dourada de água doce, fresca",131,0,18.8,5.6,52,Tr,NA,40,,12,0.2,0.02,189,393,26,0.5,Tr,posta,100
"Lambari, congelado, cru",131,0,16.8,6.5,159,4,NA,48,,1181,0.9,0.09,696,244,45,3.3,0.05,,
"Lambari, congelado, frito",327,0,28.4,22.8,246,9,NA,65,,1881,0.8,0.31,1067,331,66,5.6,0.25,,
"Lambari, fresco, cru",152,0,15.7,9.4,144,Tr,NA,41,,590,0.6,0.05,441,207,32,2.4,Tr,,
"Manjuba, com farinha de trigo, frita",344,10.2,23.5,22.6,282,30,0.4,37,,763,3,0.15,578,319,47,3.8,0.05,,
"Manjuba, frita",349,0,30.1,24.5,270,12,NA,41,,575,0.9,0.14,735,318,32,3.2,0.03,unidade,10
"Merluza, filé, assado",122,0,26.6,0.9,91,Tr,NA,120,,36,0.4,0.03,273,364,20,0.9,0.05,filé médio,100
"Merluza, filé, cru",89,0,16.6,2,57,Tr,NA,80,,20,0.2,Tr,185,340,27,0.3,Tr,filé médio,100
"Merluza, filé, frito",192,0,26.9,8.5,109,Tr,NA,90,,36,0.4,0.03,279,447,38,0.6,0.05,filé médio,100
"Pescada, branca, crua",111,0,16.3,4.6,51,3,NA,76,,16,0.2,Tr,136,261,19,0.3,Tr,pedaço médio,100
"Pescada, branca, frita",223,0,27.4,11.8,165,39,NA,107,,378,0.5,0.08,504,355,30,1.1,0.08,filé,100
"Pescada, filé, com farinha de trigo, frito",283,5,21.4,19.1,73,18,Tr,91,,26,0.9,0.03,216,216,28,0.4,Tr,filé,100
"Pescada, filé, cru",107,0,16.7,4,65,48,NA,77,,14,0.2,Tr,141,253,23,0.3,Tr,filé,100
"Pescada, filé, frito",154,0,28.6,3.6,81,4,NA,115,,10,0.3,0.03,204,249,21,0.6,0.14,filé,100
"Pescada, filé, molho escabeche",142,5,11.8,8,43,19,0.8,51,6.9,20,1.5,0.36,105,208,18,0.3,Tr,filé,100
"Pescadinha, crua",76,0,15.5,1.1,84,Tr,NA,120,,332,0.5,0.1,327,304,34,0.6,0.08,filé,100
,,,,,,,,,,,,,,,,,,,
"Pintado, assado",192,0,36.5,4,126,7,NA,81,,114,0.8,0.04,332,527,42,2.1,0.03,filé,120
"Pintado, cru",91,0,18.6,1.3,50,Tr,NA,43,,12,0.2,0.03,174,294,24,0.4,Tr,filé,120
"Pintado, grelhado",152,0,30.8,2.3,99,5,NA,53,,69,0.5,0.04,237,360,27,0.8,0.03,file,120
"Porquinho, cru",93,0,20.5,0.6,49,5,NA,67,,26,0.4,0.04,207,313,24,0.7,Tr,,
"Salmão, filé, com pele, fresco,  grelhado",229,0,23.9,14,85,Tr,NA,85,,29,0.5,0.04,300,384,28,0.6,0.13,filé,100
"Salmão, sem pele, fresco, cru",170,0,19.3,9.7,53,Tr,NA,64,,9,0.2,0.02,259,376,27,0.3,0.2,filé,100
"Salmão, sem pele, fresco, grelhado",243,0,26.1,14.5,73,Tr,NA,96,,15,0.4,0.04,352,518,38,0.5,0.23,filé,100
"Sardinha, assada",164,0,32.2,3,109,Tr,NA,74,,438,1.3,0.14,578,574,51,1.8,0.06,unidade média,33
"Sardinha, conserva em óleo",285,0,15.9,24,73,Tr,NA,666,,550,3.5,0.03,496,367,35,1.6,0.42,unidade média,33
"Sardinha, frita",257,0,33.4,12.7,103,Tr,NA,60,,482,1.1,0.14,629,460,39,1.6,0.06,unidade média,33
"Sardinha, inteira, crua",114,0,21.1,2.7,61,Tr,NA,60,,167,1.3,0.13,294,312,29,1.3,Tr,unidade média,33
"Tucunaré, filé, congelado, cru",88,0,18,1.2,47,Tr,NA,57,,19,0.3,0.1,168,288,26,0.4,Tr,pedaço médio,100
,,,,,,,,,,,,,,,,,,,
Apresuntado,129,2.9,13.5,6.7,38,Tr,NA,943,Tr,23,0.9,0.03,225,270,15,1.6,0.62,fatia,15 
"Caldo de carne, tablete",241,15.1,7.8,16.6,Tr,Tr,0.6,22180,,129,Tr,Tr,123,218,22,Tr,0.7,unidade,23
"Caldo de galinha, tablete",251,10.6,6.3,20.4,2,Tr,11.8,22300,,16,0.7,Tr,48,68,13,0.3,0.05,unidade,23
"Carne, bovina, acém, moído, cozido",212,0,26.7,10.9,103,Tr,NA,52,,4,2.7,0.06,164,256,17,8.1,Tr,colher de sopa,25
"Carne, bovina, acém, moído, cru",137,0,19.4,5.9,58,2,NA,49,,3,1.8,0.08,158,237,14,6.3,0.15,,
"Carne, bovina, acém, sem gordura, cozido",215,0,27.3,10.9,107,Tr,NA,56,,7,2.4,0.07,164,254,14,8,Tr,colher de sopa,25
"Carne, bovina, acém, sem gordura, cru",144,0,20.8,6.1,53,2,NA,50,,5,1.5,0.04,144,234,13,5.2,0.12,,
"Carne, bovina, almôndegas, cruas",189,9.8,12.3,11.2,34,Tr,*,621, ,22,1.6,0.15,145,328,24,2.3,0.11,,
"Carne, bovina, almôndegas, fritas",272,14.3,18.2,15.8,36,Tr,*,1030,,27,1.9,0.19,244,536,48,2.6,0.13,unidade média,50
"Carne, bovina, bucho, cozido",133,0,21.6,4.5,245,Tr,NA,38,,13,0.6,0.05,63,70,7,2.5,Tr,pedaço médio ,35
"Carne, bovina, bucho, cru",137,0,20.5,5.5,145,Tr,NA,45,,9,0.5,0.06,61,85,6,2.1,Tr,,
"Carne, bovina, capa de contra-filé, com gordura, crua",217,0,19.2,15,63,4,NA,58,,6,1.5,0.06,144,267,17,3.5,0.09,,
"Carne, bovina, capa de contra-filé, com gordura, grelhada",312,0,30.7,20,120,Tr,NA,81,,7,2.6,0.13,214,323,18,6.2,Tr,unidade média,100
"Carne, bovina, capa de contra-filé, sem gordura, crua",131,0,21.5,4.3,58,Tr,NA,79,,6,2,0.06,178,325,20,4.6,Tr,,
"Carne, bovina, capa de contra-filé, sem gordura, grelhada",239,0,35.1,10,80,Tr,NA,83,,9,2.8,0.12,287,385,26,7.6,0.03,unidade média,100
"Carne, bovina, charque, cozido",263,0,36.4,11.9,113,Tr,NA,1443,,15,3.5,0.07,101,90,13,6.1,0.05,pedaço médio ,35
"Carne, bovina, charque, cru",249,0,22.7,16.8,81,Tr,NA,5875,,15,1.5,0.03,122,236,13,3.9,0.12,,
"Carne, bovina, contra-filé, à milanesa",352,12.2,20.6,24,99,15,0.4,77,,15,2.9,0.1,203,271,27,2.9,0.07,unidade média,100
,,,,,,,,,,,,,,,,,,,
"Carne, bovina, contra-filé de costela, cru",202,0,19.8,13.1,52,3,NA,39,,3,1.6,0.04,164,245,14,4.4,0.14,,
"Carne, bovina, contra-filé de costela, grelhado",275,0,29.9,16.3,98,Tr,NA,51,,4,2.8,0.08,252,383,24,6.7,Tr,pedaço médio,40
"Carne, bovina, contra-filé, com gordura, cru",206,0,21.2,12.8,73,4,NA,44,,4,1.3,0.04,164,285,18,2.8,0.11,,
"Carne, bovina, contra-filé, com gordura, grelhado",278,0,32.4,15.5,144,Tr,NA,57,,4,2.4,0.09,219,352,19,4.8,Tr,bife,100
"Carne, bovina, contra-filé, sem gordura, cru",157,0,24,6,59,Tr,NA,53,,4,1.7,0.05,184,335,21,3.2,Tr,,
"Carne, bovina, contra-filé, sem gordura, grelhado",194,0,35.9,4.5,102,Tr,NA,58,,5,2.4,0.09,241,386,21,5.1,Tr,bife,100
"Carne, bovina, costela, assada",373,0,28.8,27.7,95,Tr,NA,92,,28,2.2,0.08,179,270,20,5.5,Tr,pedaço médio,40
"Carne, bovina, costela, crua",358,0,16.7,31.8,44,5,NA,70,,*,1.2,Tr,130,151,12,2.7,0.12,,
"Carne, bovina, coxão duro, sem gordura, cozido",217,0,31.9,8.9,71,2,NA,41,,4,1.7,0.07,189,252,14,5,Tr,bife,100
"Carne, bovina, coxão duro, sem gordura, cru",148,0,21.5,6.2,60,2,NA,49,,3,1.9,0.05,189,358,21,2.8,0.12,,
"Carne, bovina, coxão mole, sem gordura, cozido",219,0,32.4,8.9,84,2,NA,44,,4,2.6,0.11,183,239,13,4.7,Tr,bife,100
"Carne, bovina, coxão mole, sem gordura, cru",169,0,21.2,8.7,84,3,NA,61,,3,1.9,0.05,175,335,21,2.6,0.12,,
"Carne, bovina, cupim, assado",330,0,28.6,23,91,Tr,NA,72,,8,2.7,0.08,212,321,18,5.3,Tr,fatia média,90
"Carne, bovina, cupim, cru",221,0,19.5,15.3,51,3,NA,47,,4,1.1,0.03,220,151,13,2.4,0.11,,
"Carne, bovina, fígado, cru",141,1.1,20.7,5.4,393,7937,NA,76,,4,5.6,9.01,334,265,12,3.5,0.14,,
"Carne, bovina, fígado, grelhado",225,4.2,29.9,9,601,14574,NA,82,,6,5.8,12.58,420,309,10,4,0.21,bife médio,100
"Carne, bovina, filé mingnon, sem gordura, cru",143,0,21.6,5.6,55,4,NA,49,,3,1.9,0.08,193,322,21,2.8,0.12,,
"Carne, bovina, filé mingnon, sem gordura, grelhado",220,0,32.8,8.8,103,Tr,NA,58,,4,2.9,0.14,308,326,28,4.1,0.03,bife médio ,100
"Carne, bovina, flanco, sem gordura, cozido",196,0,29.4,7.8,62,2,NA,42,,4,2.8,0.07,181,249,14,5.6,Tr,pedaço médio,35
"Carne, bovina, flanco, sem gordura, cru",141,0,20,6.2,50,2,NA,54,,3,1.6,0.05,167,324,18,4.5,0.11,,
"Carne, bovina, fraldinha, com gordura, cozida",338,0,24.2,26,65,Tr,NA,39,,3,2,0.07,161,207,14,6.5,Tr,pedaço médio,35
"Carne, bovina, fraldinha, com gordura, crua",221,0,17.6,16.1,54,5,NA,51,,3,1.5,0.04,131,274,16,4.2,0.08,,
"Carne, bovina, lagarto, cozido",222,0,32.9,9.1,56,3,NA,48,,4,1.9,0.05,167,254,13,7,Tr,pedaço médio,35
"Carne, bovina, lagarto, cru",135,0,20.5,5.2,56,2,NA,54,,3,1.3,0.05,185,362,20,2.4,0.1,,
"Carne, bovina, língua, cozida",315,0,21.4,24.8,105,Tr,NA,59,,6,2.1,0.08,136,175,12,4.1,Tr,pedaço médio,35
"Carne, bovina, língua, crua",215,0,17.1,15.8,118,Tr,NA,73,,5,1.7,0.09,164,251,15,2.9,0.05,,
"Carne, bovina, maminha, crua",153,0,20.9,7,51,3,NA,37,,3,1.1,0.03,181,274,16,3.5,0.12,,
"Carne, bovina, maminha, grelhada",153,0,30.7,2.4,88,Tr,NA,58,,4,2.4,0.08,237,386,21,5.6,Tr,fatia média,100
"Carne, bovina, miolo de alcatra, sem gordura, cru",163,0,21.6,7.8,60,4,NA,43,,3,2,0.06,165,299,20,3,0.12,,
"Carne, bovina, miolo de alcatra, sem gordura, grelhado",241,0,31.9,11.6,92,Tr,NA,52,,5,3.2,0.11,279,385,26,4.8,0.03,bife médio,100
"Carne, bovina, músculo, sem gordura, cozido",194,0,31.2,6.7,56,2,NA,62,,5,2.4,0.08,176,253,13,6.4,Tr,pedaço médio,35
"Carne, bovina, músculo, sem gordura, cru",142,0,21.6,5.5,51,2,NA,66,,4,1.9,0.05,162,296,17,3.7,0.09,,
,,,,,,,,,,,,,,,,,,,
"Carne, bovina, paleta, com gordura, crua",159,0,21.4,7.5,58,Tr,NA,65,,4,1.8,0.08,158,250,14,3.7,Tr,,
"Carne, bovina, paleta, sem gordura, cozida",194,0,29.7,7.4,56,Tr,NA,58,,6,2.2,0.1,197,250,18,6.8,0.03,pedaço médio,35
"Carne, bovina, paleta, sem gordura, crua",141,0,21,5.7,42,3,NA,66,,4,1.9,0.05,163,319,18,3.3,0.13,,
"Carne, bovina, patinho, sem gordura, cru",133,0,21.7,4.5,56,2,NA,49,,3,1.8,0.05,170,318,20,4.5,0.11,,
"Carne, bovina, patinho, sem gordura, grelhado",219,0,35.9,7.3,126,Tr,NA,60,,5,3,0.12,289,421,27,8.1,0.04,Bife médio ,100
"Carne, bovina, peito, sem gordura, cozido",338,0,22.2,27,100,Tr,NA,56,,4,1.6,0.05,136,204,14,3.9,Tr,Bife médio ,100
"Carne, bovina, peito, sem gordura, cru",259,0,17.6,20.4,59,4,NA,64,,4,1.3,0.06,124,241,15,2.6,0.11,,
"Carne, bovina, picanha, com gordura, crua",213,0,18.8,14.7,60,3,NA,38,,2,1.7,0.06,165,232,14,3.8,0.13,,
"Carne, bovina, picanha, com gordura, grelhada",289,0,26.4,19.5,92,Tr,NA,60,,4,3.2,0.14,246,355,24,5.5,0.03,Bife médio ,100
"Carne, bovina, picanha, sem gordura, crua",134,0,21.3,4.7,75,Tr,NA,61,,3,2.1,0.08,183,322,20,4.2,Tr,,
"Carne, bovina, picanha, sem gordura, grelhada",238,0,31.9,11.3,100,Tr,NA,61,,4,3.6,0.17,282,377,25,6.7,Tr,Bife médio ,100
"Carne, bovina, seca, cozida",313,0,26.9,21.9,100,Tr,NA,1943,,13,1.9,0.03,82,86,12,7.7,Tr,pedaço médio,65
"Carne, bovina, seca, crua",313,0,19.7,25.4,92,Tr,NA,4440,,14,1.3,Tr,100,190,12,3.7,Tr,,
"Coxinha de frango, frita",283,34.5,9.6,11.8,15,Tr,5,532,Tr,18,1.3,0.09,93,166,17,0.5,0.09,unidade pequena,10
"Croquete, de carne, cru",246,13.9,12,15.6,30,Tr,,711,Tr,15,2.5,0.1,144,221,24,2.7,0.11,,
"Croquete, de carne, frito",347,18.1,16.9,22.7,38,Tr,,916,Tr,18,2.3,0.09,176,313,30,3.3,0.14,unidade,35
"Empada de frango, pré-cozida, assada",358,47.5,6.9,15.6,23,Tr,2.2,525, ,16,1.2,0.07,78,138,18,0.6,0.12,unidade média,55
"Empada, de frango, pré-cozida",377,35.5,7.3,22.9,23,Tr,2.2,771, ,14,0.7,0.09,78,156,17,0.5,0.11,unidade média,55
"Frango, asa, com pele, crua",213,0,18.1,15.1,113,10,NA,96,,11,0.6,0.02,155,211,23,1.2,0.11,unidade média,40
"Frango, caipira, inteiro, com pele, cozido",243,0,23.9,15.6,110,16,NA,56,,17,1.7,0.08,162,210,18,1.7,0.03,,
"Frango, caipira, inteiro, sem pele, cozido",196,0,29.6,7.7,106,6,NA,53,,66,2.1,0.15,210,224,23,2.7,0.03,,
"Frango, coração, cru",222,0,12.6,18.6,159,9,NA,95,,6,4.1,0.2,193,220,20,2,0.23,,
"Frango, coração, grelhado",207,0.6,22.4,12.1,280,Tr,NA,128,,8,6.5,0.3,276,243,20,3.4,0.2,unidade média,5
"Frango, coxa, com pele, assada",215,0.1,28.5,10.4,145,6,NA,95,,8,1.2,0.05,251,318,14,2.6,0.05,unidade média,40
"Frango, coxa, com pele, crua",161,0,17.1,9.8,97,10,NA,95,,8,0.7,0.03,185,275,26,2,0.16,,
"Frango, coxa, sem pele, cozida",167,0,26.9,5.8,133,Tr,NA,64,,12,0.8,0.03,187,191,11,2.8,0.07,unidade média,40
"Frango, coxa, sem pele, crua",120,0,17.8,4.9,91,12,NA,98,,8,0.8,0.03,196,291,27,2.2,0.17,,
"Frango, fígado, cru",106,0,17.6,3.5,341,3863,NA,82,,6,9.5,0.26,344,281,28,3.7,0.62,unidade média,100
"Frango, filé, à milanesa",221,7.5,28.5,7.8,84,7,1.1,122,,9,1.1,0.05,249,408,35,0.8,0.05,unidade média,140
"Frango, inteiro, com pele, cru",226,0,16.4,17.3,85,7,NA,63,,6,0.6,0.04,174,217,24,1.1,0.08,,
"Frango, inteiro, sem pele, assado",187,0,28,7.5,111,Tr,NA,70,,9,0.6,0.03,233,283,14,1.6,0.09,,
"Frango, inteiro, sem pele, cozido",170,0,25,7.1,99,Tr,NA,51,,8,0.5,0.04,194,217,12,1.2,0.1,,
,,,,,,,,,,,,,,,,,,,
"Frango, inteiro, sem pele, cru",129,0,20.6,4.6,78,4,NA,73,,7,0.5,0.03,190,238,27,1.2,0.12,,
"Frango, peito, com pele, assado",212,0,33.4,7.6,109,6,NA,56,,8,0.5,0.01,297,380,18,1,0.12,unidade média,180
"Frango, peito, com pele, cru",149,0,20.8,6.7,80,4,NA,62,,8,0.4,0.05,213,252,28,0.6,0.09,,
"Frango, peito, sem pele, cozido",163,0,31.5,3.2,89,Tr,NA,36,,6,0.3,0.02,224,231,14,0.9,0.1,unidade média,180
"Frango, peito, sem pele, cru",119,0,21.5,3,59,2,NA,56,,7,0.4,0.03,222,267,31,0.7,0.1,,
"Frango, peito, sem pele, grelhado",159,0,32,2.5,89,Tr,NA,50,,5,0.3,0.02,295,387,18,0.8,0.11,unidade média,180
"Frango, sobrecoxa, com pele, assada",260,0,28.7,15.2,158,8,NA,96,,11,1.2,0.06,252,323,15,2.2,0.1,unidade média,65
"Frango, sobrecoxa, com pele, crua",255,0,15.5,20.9,88,7,NA,68,,7,0.7,0.05,154,190,22,1.3,0.09,,
"Frango, sobrecoxa, sem pele, assada",233,0,29.2,12,145,11,NA,106,,12,1.2,0.07,281,382,17,2.2,0.1,unidade média,65
"Frango, sobrecoxa, sem pele, crua",162,0,17.6,9.6,84,4,NA,80,,6,0.9,0.06,187,241,26,1.7,0.12,,
"Hambúrguer, bovino, cru",215,4.2,13.2,16.2,70,Tr,*,869,,34,1.9,0.16,141,383,25,1.7,0.06,,
"Hambúrguer, bovino, frito",258,6.3,20,17,49,Tr,*,1252,,62,3,0.17,324,660,60,3.2,0.13,unidade média,56
"Hambúrguer, bovino, grelhado",210,11.3,13.2,12.4,59,Tr,*,1090,,56,2.6,0.18,263,538,48,3,0.18,unidade média,56
"Lingüiça, frango, crua",218,0,14.2,17.4,64,Tr,NA,1126,,11,0.5,0.05,182,280,19,0.7,0.11,,
"Lingüiça, frango, frita",245,0,18.3,18.5,76,Tr,NA,1374,,15,0.8,0.04,262,364,29,1.2,0.11,gomo,60
"Lingüiça, frango, grelhada",244,0,18.2,18.4,80,Tr,NA,1351,,14,0.7,0.09,228,356,21,1,0.12,gomo,60
"Lingüiça, porco, crua",227,0,16.1,17.6,53,Tr,NA,1176,,6,0.4,0.04,157,316,14,1.4,0.49,,
"Lingüiça, porco, frita",280,0,20.5,21.3,75,Tr,NA,1432,,8,0.9,0.06,211,409,18,3.1,0.41,gomo,60
"Lingüiça, porco, grelhada",296,0,23.2,21.9,82,Tr,NA,1456,,8,1,0.07,210,427,19,3.5,0.4,gomo,60
Mortadela,269,5.8,12,21.6,83,25,NA,1212,,67,1.5,0.08,216,247,19,1,0.14,fatia média,15
"Peru, congelado, assado",163,0,26.2,5.7,91,Tr,NA,628,,14,0.6,0.03,197,175,12,1.2,0.06,pedaço médio,35
"Peru, congelado, cru",94,0,18.1,1.8,68,Tr,NA,711,,10,0.9,0.36,217,281,19,1.4,0.06,,
"Porco, bisteca, crua",164,0,21.5,8,56,Tr,NA,54,,6,0.5,0.07,195,335,24,1.4,0.9,,
"Porco, bisteca, frita",311,0,33.7,18.5,126,10,NA,63,,69,0.8,0.07,290,404,29,2.2,0.34,unidade média,100
"Porco, bisteca, grelhada",280,0,28.9,17.4,82,Tr,NA,51,,34,0.9,0.06,229,366,25,2.3,0.77,unidade média,100
"Porco, costela, assada",402,0,30.2,30.3,113,Tr,NA,63,,17,1,0.07,201,246,14,3.1,0.71,unidade média,115
"Porco, costela, crua",256,0,18,19.8,69,Tr,NA,88,,15,0.9,0.05,159,248,18,2.3,0.62,,
"Porco, lombo, assado",210,0,35.7,6.4,103,Tr,NA,39,,20,0.5,0.03,238,311,18,1.8,0.75,fatia,100
"Porco, lombo, cru",176,0,22.6,8.8,55,Tr,NA,53,,4,0.5,0.01,195,334,24,0.9,0.95,,
"Porco, orelha, salgada, crua",258,0,18.5,19.9,83,Tr,NA,616,,5,1.4,0.23,31,228,2,0.6,0.07,,
"Porco, pernil, assado",262,0,32.1,13.9,110,Tr,NA,62,,18,1.3,0.09,247,395,27,3.3,0.77,fatia,100
"Porco, pernil, cru",186,0,20.1,11.1,59,Tr,NA,102,,13,0.9,0.16,192,256,23,1.7,1.06,,
,,,,,,,,,,,,,,,,,,,
"Porco, rabo, salgado, cru",377,0,15.6,34.5,89,Tr,NA,1158,,22,0.6,0.05,42,24,4,1.4,0.2,3 unidades,100
"Presunto, com capa de gordura",128,1.4,14.4,6.8,40,Tr,NA,1021,,12,0.7,0.04,274,295,17,1.3,0.62,fatia média,15
"Presunto, sem capa de gordura",94,2.1,14.3,2.7,36,Tr,NA,1039,,23,0.8,0.04,244,307,18,1.5,0.5,fatia média,15
"Quibe, assado",136,12.9,14.6,2.7,34,Tr,1.9,40,Tr,16,2.2,0.51,174,288,36,4.1,0.04,unidade média,50
"Quibe, cru",109,10.8,12.4,1.7,27,Tr,1.6,39,Tr,12,1.7,0.13,126,242,26,2.8,0.09,,
"Quibe, frito",254,12.3,14.9,15.8,38,Tr,,836,Tr,22,2,0.16,166,322,39,2.8,0.12,unidade média,50
Salame,398,2.9,25.8,30.6,85,Tr,NA,1574,,87,1.3,0.05,354,548,30,3.2,0.88,fatia média,20
"Toucinho, cru",593,0,11.5,60.3,73,Tr,NA,50,,2,0.4,0.11,35,58,4,0.2,Tr,,
"Toucinho, frito",697,0,27.3,64.3,89,Tr,NA,125,,9,0.9,0.1,95,171,9,0.8,Tr,fatia,15
,,,,,,,,,,,,,,,,,,,
"Bebida láctea, pêssego",55,7.6,2.1,1.9,5,Tr,0.3,46,2.1,89,Tr,0.02,63,62,9,0.2,0.03,copo duplo cheio,240
Creme de Leite,221,4.5,1.5,22.5,66,128,NA,52,Tr,83,0.3,0.02,118,119,8,0.3,Tr,colher de sopa rasa,15
"Iogurte, natural",51,1.9,4.1,3,14,23,NA,52,0.9,143,Tr,0.02,119,71,11,0.4,0.04,copo duplo cheio,240
"Iogurte, natural, desnatado",41,5.8,3.8,0.3,3,*,NA,60,0.3,157,Tr,Tr,110,182,12,0.5,Tr,copo duplo cheio,240
"Iogurte, sabor abacaxi",*,*,*,*,6,*,*,*,,*,*,*,*,*,*,*,*,copo duplo cheio,240
"Iogurte, sabor morango",70,9.7,2.7,2.3,7,27,0.2,38,Tr,101,Tr,0.02,73,52,8,0.3,0.03,copo duplo cheio,240
"Iogurte, sabor pêssego",68,9.4,2.5,2.3,8,21,0.7,37,Tr,95,0.1,0.02,66,52,8,0.3,0.02,copo duplo cheio,240
"Leite, condensado",313,57,7.7,6.7,28,53,NA,94,2.1,246,0.1,0.03,187,329,22,0.9,0.06,colher de sopa,15
"Leite, de cabra",66,5.2,3.1,3.8,14,35,NA,74,Tr,112,0.1,0.04,113,140,10,0.4,Tr,copo duplo cheio,240
"Leite, de vaca, achocolatado",83,14.2,2.1,2.2,6,39,0.6,72,3.3,70,0.5,0.04,71,155,13,0.3,0.07,copo duplo cheio,240
"Leite, de vaca, desnatado, pó",362,53,34.7,0.9,25,299,NA,432,,1363,0.9,0.16,1673,1556,109,3.8,0.32,copo duplo cheio,240
"Leite, de vaca, desnatado, UHT",*,*,*,*,4,Tr,NA,51,Tr,134,Tr,0.02,85,140,10,0.4,0.04,copo duplo cheio,240
"Leite, de vaca, integral",*,*,*,*,10,21,NA,64,Tr,123,Tr,0.02,82,133,10,0.4,0.04,copo duplo cheio,240
"Leite, de vaca, integral, pó",497,39.2,25.4,26.9,85,361,NA,323,*,890,0.5,0.11,1242,1132,77,2.7,0.24,copo duplo cheio,240
"Leite, fermentado",70,15.7,1.9,0.1,2,Tr,NA,33,0.5,72,Tr,0.01,63,94,6,0.3,0.08,copo duplo cheio,240
"Queijo, minas, frescal",264,3.2,17.4,20.2,62,161,NA,31,Tr,579,0.9,Tr,123,105,7,0.3,Tr,fatia média,30
"Queijo, minas, meia cura",321,3.6,21.2,24.6,76,111,NA,501,,696,0.2,0.07,403,120,27,2.7,0.03,fatia média,30
"Queijo, mozarela",330,3,22.6,25.2,80,109,NA,581,,875,0.3,0.08,470,62,24,3.5,Tr,fatia média,15
"Queijo, parmesão",453,1.7,35.6,33.5,106,66,NA,1844,Tr,992,0.5,0.17,745,96,33,4.4,Tr,colher de sopa,15
"Queijo, pasteurizado",303,5.7,9.4,27.4,82,57,NA,780,Tr,323,0.3,0.05,578,194,16,1.3,Tr,fatia média,30
,,,,,,,,,,,,,,,,,,,
"Queijo, petit suisse, morango",121,18.5,5.8,2.8,12,273,NA,412,Tr,731,0.1,0.01,448,121,27,2.7,0.22,unidade,45
"Queijo, prato",360,1.9,22.7,29.1,91,123,NA,580,,940,0.3,0.1,461,73,28,3.5,Tr,fatia média,30
"Queijo, requeijão, cremoso",257,2.4,9.6,23.4,74,195,NA,558,Tr,259,0.1,0.05,448,93,12,1.3,Tr,colher de sopa,30
"Queijo, ricota",140,3.8,12.6,8.1,49,53,NA,283,Tr,253,0.1,Tr,162,112,12,0.5,Tr,fatia média,30
,,,,,,,,,,,,,,,,,,,
"Bebida isotônica, sabores variados",26,6.4,0,0,NA,NA,NA,44,,1,0.7,Tr,9,13,Tr,Tr,,copo,200
"Café, infusão 10%",9,1.5,0.7,0.1,NA,NA,NA,1,,3,Tr,0.01,9,156,10,Tr,,copo cafézinho,50
"Cana, aguardente 1",216,,,,NA,NA,NA,3,,Tr,Tr,0.06,Tr,Tr,Tr,Tr,Tr,dose,30
"Cana, caldo de",65,18.2,Tr,Tr,NA,NA,0.1,Tr,2.8,9,0.8,0.01,5,18,12,0.1,Tr,copo duplo,240
"Cerveja, pilsen 2",41,3.3,0.6,Tr,NA,NA,NA,4,Tr,5,Tr,Tr,19,29,7,Tr,Tr,copo duplo,240
"Chá, erva-doce, infusão 5%",1,0.4,0,0,NA,NA,NA,1, ,2,Tr,0.01,1,10,1,Tr,1.23,xícara de chá,200
"Chá, mate, infusão 5%",3,0.6,0,0.1,NA,NA,NA,Tr, ,1,Tr,Tr,Tr,5,2,Tr,0.89,xícara de chá,200
"Chá, preto, infusão 5%",2,0.6,0,0,NA,NA,NA,Tr, ,0,Tr,Tr,2,13,1,Tr,3.11,xícara de chá,200
"Coco, água de",22,5.3,0,0,NA,NA,0.1,2,2.4,19,Tr,Tr,4,162,5,Tr,0.01,copo duplo,240
"Refrigerante, tipo água tônica",31,8,0,0,NA,NA,NA,8,,1,Tr,Tr,0,2,Tr,Tr,,copo duplo,240
"Refrigerante, tipo cola",34,8.7,0,0,NA,NA,NA,7,,1,Tr,Tr,17,1,Tr,Tr,,copo duplo,240
"Refrigerante, tipo guaraná",39,10,0,0,NA,NA,NA,9,,1,Tr,Tr,Tr,1,Tr,Tr,,copo duplo,240
"Refrigerante, tipo laranja",46,11.8,0,0,NA,NA,NA,9,,2,Tr,Tr,1,16,1,Tr,,copo duplo,240
"Refrigerante, tipo limão",40,10.3,0,0,NA,NA,NA,9,,2,Tr,Tr,Tr,4,1,Tr,,copo duplo,240
,,,,,,,,,,,,,,,,,,,
"Omelete, de queijo",268,0.4,15.6,22,384,59,NA,216,Tr,166,1.4,0.03,314,127,14,1.4,0.03,unidade pequena,75
"Ovo, de codorna, inteiro, cru",177,0.8,13.7,12.7,568,305,NA,129, ,79,3.3,0.04,279,79,11,2.1,0.11,unidade,10
"Ovo, de galinha, clara, cozida/10minutos",59,0,13.4,0.1,NA,NA,NA,181, ,6,0.1,0.03,15,146,11,Tr,Tr,unidade média,30
"Ovo, de galinha, gema, cozida/10minutos",353,1.6,15.9,30.8,1272,148,NA,45, ,114,2.9,Tr,386,87,9,2.9,0.18,unidade média,15
"Ovo, de galinha, inteiro, cozido/10minutos",146,0.6,13.3,9.5,397,32,NA,146, ,49,1.5,0.04,184,139,11,1.2,0.08,unidade média,45
"Ovo, de galinha, inteiro, cru",143,1.6,13,8.9,356,79,NA,168, ,42,1.6,0.06,164,150,13,1.1,0.07,unidade média,50
"Ovo, de galinha, inteiro, frito",240,1.2,15.6,18.6,516,94,NA,166,Tr,73,2.1,0.04,422,184,16,1.5,0.06,unidade média,50
,,,,,,,,,,,,,,,,,,,
"Achocolatado, pó",401,91.2,4.2,2.2,Tr,796,3.9,65,Tr,44,5.4,0.56,200,496,77,1,1.38,colher de sopa,16
"Açúcar, cristal",387,99.6,0.3,Tr,NA,NA,NA,Tr,,8,0.2, Tr,Tr,3,1,Tr,,colher de sopa,24
,,,,,,,,,,,,,,,,,,,
"Açúcar, mascavo",369,94.5,0.8,0.1,NA,NA,NA,25,Tr,127,8.3,0.17,38,522,80,0.5,Tr,colher de sopa,19
"Açúcar, refinado",387,99.5,0.3,Tr,NA,NA,NA,12,,4,0.1, Tr,Tr,6,1,Tr,,colher de sopa,30
"Chocolate, ao leite",540,59.6,7.2,30.3,17,Tr,2.2,77,Tr,191,1.6,0.31,212,355,57,1.1,0.05,barra pequena,30
"Chocolate, ao leite, com castanha do Pará",559,55.4,7.4,34.2,16,36,2.5,64,1.4,171,1.5,0.45,303,431,80,1.3,0.04,barra pequena,30
"Chocolate, ao leite, dietético",557,56.3,6.9,33.8,13,7,2.8,85,2,188,3.3,0.43,276,458,67,1.1,0.31,barra pequena,30
"Chocolate, meio amargo",475,62.4,4.9,29.9,2,Tr,4.9,9,2.1,45,3.6,0.77,220,432,107,1.5,0.2,barra pequena,30
Cocada branca,449,81.4,1.1,13.6,NA,NA,3.6,29,Tr,7,1.2,0.2,396,183,17,0.4,Tr,unidade ,70
"Doce, de abóbora, cremoso",199,54.6,0.9,0.2,NA,NA,2.3,Tr,0.1,13,0.9,Tr,14,137,6,Tr,0.08,colher de sopa,40
"Doce, de leite, cremoso",306,59.5,5.5,6,20,36,NA,120,Tr,195,0.1,0.02,141,259,16,0.5,0.05,colher de sopa,40
"Geléia, mocotó, natural",106,24.2,2.1,0.1,Tr,Tr,NA,43,Tr,4,0.1,Tr,Tr,2,1,Tr,0.19,colher de sopa,40
Glicose de milho,292,79.4,0,0,NA,NA,NA,59, ,6,0.1,Tr,5,5,2,Tr, ,colher de sopa,20
Maria mole,301,73.6,3.8,0.2,NA,NA,0.7,15,Tr,13,0.4,0.2,4,24,7,0.1,0.04,unidade ,30
"Maria mole, coco queimado",307,75.1,3.9,0.1,NA,NA,0.6,14,Tr,19,0.5,0.03,5,36,6,0.1,0.04,unidade ,30
Marmelada,257,70.8,0.4,0.1,NA,NA,4.1,11,Tr,11,0.7,0.09,20,83,6,0.1,Tr,fatia média ,60
"Mel, de abelha",309,84,0,0,NA,NA,NA,6,0.7,10,0.3,Tr,4,99,6,0.2,0.11,colher de sopa,15 
Melado,297,76.6,0,0,NA,NA,NA,4,Tr,102,5.4,0.84,74,395,115,0.3,Tr,colher de sopa,16
Quindim,411,46.3,4.7,24.4,271,76,3.2,27,Tr,37,1.4,0.1,168,111,15,1.1,Tr,unidade média,35
Rapadura,352,90.8,1,0.1,NA,NA,NA,22,Tr,30,4.4,0.17,21,459,47,0.6,Tr,pedaço médio,55
,,,,,,,,,,,,,,,,,,,
"Café, pó, torrado",419,65.8,14.7,11.9,NA,NA,51.2,1,Tr,107,8.1,1.3,169,1609,165,0.5,Tr,colher de sopa,10
"Capuccino, pó",417,73.6,11.3,8.6,29,52,2.4,382,Tr,467,2.3,Tr,358,886,71,1.1,Tr,colher de sopa,20
"Fermento em pó, químico",90,43.9,0.5,0.1,NA,NA,NA,10052, , , , , , , , , ,colher de chá,3
"Fermento, biológico, levedura, tablete",90,7.7,17,1.5,NA,NA,4.2,40,Tr,18,2.6,0.29,419,576,38,11,0.3,tablete,15
"Gelatina, sabores variados, pó",380,89.2,8.9,Tr,NA,NA,NA,235,40,27,0.3,Tr,2,7,2,Tr,Tr,colher de sopa,25
"Sal, dietético",NA,NA,NA,NA,NA,NA,NA,23432,,,,,,20468,,,,colher de sopa,15
"Sal, grosso",NA,NA,NA,NA,NA,NA,NA,39943,,,,,,,,,,pitada,1
Shoyu,61,11.6,3.3,0.3,NA,NA,NA,5024,Tr,15,0.5,Tr,47,165,24,0.2,0.83,colher de sopa,12
Tempero a base de sal,21,2.1,2.7,0.3,NA,NA,0.6,32560,,,,,,,,,,colher de sopa,10
,,,,,,,,,,,,,,,,,,,
"Azeitona, preta, conserva",194,5.5,1.2,20.3,NA,NA,4.6,1567,Tr,59,5.5,0.25,16,79,5,0.3,Tr,unidade média,3
,,,,,,,,,,,,,,,,,,,
"Azeitona, verde, conserva",137,4.1,0.9,14.2,NA,NA,3.8,1347,Tr,46,0.2,0.14,5,20,4,0.1,Tr,unidade média,4
"Chantilly, spray, com gordura vegetal",315,16.9,0.5,27.3,Tr,Tr,NA,110,,2,Tr,0.01,16,5,1,0.1,0.07,colher de sopa,25
"Leite, de coco",166,2.2,1,18.4,NA,NA,0.7,44,Tr,6,0.5,0.16,26,144,17,0.3,Tr,copo duplo cheio,240
"Maionese, tradicional com ovos",302,7.9,0.6,30.5,42,8,NA,787,Tr,3,0.1,Tr,14,16,1,0.1,Tr,colher de sopa,35
,,,,,,,,,,,,,,,,,,,
Acarajé,289,19.1,8.3,19.9,25,Tr,9.4,305, ,124,1.9,0.23,142,354,51,1.2,0.06,unidade média,100
Arroz carreteiro,154,11.6,10.8,7.1,36,Tr,1.5,1622, ,13,1,0.08,48,87,9,2.7,0.03,,
"Baião de dois, arroz e feijão-de-corda",136,20.4,6.2,3.2,4,Tr,5.1,93,Tr,33,0.6,0.08,72,157,19,0.6,0.04,escumadeira cheia,100
Barreado,165,0.2,18.3,9.5,60,Tr,0.1,48,Tr,15,2.4,0.17,169,295,21,4.8,0.03,,
"Bife à cavalo, com contra filé",291,0,23.7,21.1,257,37,NA,83,,26,2.1,0.06,216,272,19,3.2,0.05,bifé médio,100
Bolinho de arroz,274,41.7,8,8.3,70,Tr,2.7,59,Tr,24,2.1,0.13,87,96,13,0.9,0.08,unidade ,40
Camarão à baiana,101,3.2,7.9,6,117,Tr,0.4,85,4.1,43,1.4,0.07,244,139,15,0.5,Tr,,
"Charuto, de repolho",78,10.1,6.8,1.1,21,Tr,1.5,12,4.8,23,0.9,1.45,68,184,13,1.8,0.03,unidade ,15
"Cuscuz, de milho, cozido com sal",113,25.3,2.2,0.7,NA,Tr,2.1,248,Tr,2,0.2,Tr,23,11,3,0.2,Tr,fatia pequena,50
"Cuscuz, paulista",142,22.5,2.6,4.6,15,Tr,2.4,236,Tr,14,0.3,0.05,26,53,5,0.2,Tr,fatia ,90
"Cuxá, molho",80,5.7,5.6,3.6,58,Tr,3,1344,10.3,105,0.9,0.17,111,124,34,0.6,0.04,,
Dobradinha,125,0,19.8,4.4,144,Tr,NA,29, ,11,1,0.06,57,58,8,2.7,Tr,colher de sopa,35
Estrogonofe de carne,173,3,15,10.8,66,28,,123,Tr,28,2.7,0.14,186,322,22,2,0.06,colher de sopa,25
Estrogonofe de frango,157,2.6,17.6,8,80,28,,99,Tr,26,1.5,0.12,195,307,25,0.6,0.07,colher de sopa,25
Feijão tropeiro mineiro,152,19.6,10.2,6.8,68,9,3.6,365,Tr,41,2.2,0.22,199,349,36,1.4,Tr,colher de sopa,15
Feijoada,117,11.6,8.7,6.5,22,Tr,5.1,278,Tr,32,1.3,0.15,105,303,32,0.8,0.08,concha média,225
"Frango, com açafrão",113,4.1,9.7,6.2,50,8,0.2,29,5.3,13,0.8,0.02,167,256,16,0.5,0.03,filé médio,100
"Macarrão, molho bolognesa",120,22.5,4.9,0.9,7,Tr,0.8,9,Tr,11,1.4,0.09,54,84,10,0.8,0.04,escumadeira cheia,110
Maniçoba,134,3.4,10,8.7,43,Tr,2.2,407,Tr,66,3.2,0.16,55,148,24,2,0.04,,
Quibebe,86,6.6,8.6,2.7,NA,Tr,1.7,247,Tr,8,0.8,0.61,43,153,10,1.6,Tr,colher de sopa,35
"Salada, de legumes, com maionese",96,8.9,1.1,7,7,Tr,2.2,228,Tr,12,0.2,0.04,22,141,9,0.2,0.04,colher de sopa,35
"Salada, de legumes, cozida no vapor",35,7.1,2,0.3,NA,NA,2.5,3,29.4,33,0.4,0.17,45,244,19,0.3,0.05,colher de sopa,30
"Salpicão, de frango",148,4.6,13.9,7.8,53,Tr,0.4,248,9.3,9,0.3,0.08,103,149,13,0.4,0.05,colher de sopa,25
Sarapatel,123,1.1,18.5,4.4,315,1464,,216,Tr,12,7.2,1.48,164,199,13,1.8,Tr,,
Tabule,57,10.6,2,1.2,NA,NA,2.1,1,16.2,19,0.6,0.12,35,188,18,0.6,0.03,colher de sopa,40
,,,,,,,,,,,,,,,,,,,
Tacacá,47,3.4,7,0.4,71,Tr,0.2,1349,Tr,45,0.9,0.22,89,240,30,0.8,0.05,porção,240
"Tapioca, com manteiga",348,63.6,0.1,10.9,31,75,Tr,158,Tr,30,0.2,0.01,8,19,3,0,Tr,unidade pequena,55
"Tucupi, com pimenta-de-cheiro",27,4.7,2.1,0.3,NA,NA,0.2,5,46.4,28,1.1,0.12,31,391,42,0.9,Tr,porção,30
Vaca atolada,145,10.1,5.1,9.3,19,Tr,2.3,26,Tr,63,0.7,0.12,72,220,16,1.2,Tr,concha média,100
Vatapá,255,9.7,6,23.2,44,Tr,1.7,880,Tr,47,1.4,0.28,108,209,39,0.9,Tr,unidade ,100
Virado à paulista,307,14.1,10.2,25.6,66,10,2.2,346,Tr,41,1.1,0.07,135,237,22,1,0.14,,
Yakisoba,113,18.3,7.5,2.6,NA,NA,1.1,794,Tr,14,0.6,0.06,83,159,13,0.7,0.16,porção,220
,,,,,,,,,,,,,,,,,,,
"Amendoim, grão, cru",544,20.3,27.2,43.9,NA,NA,8,Tr,Tr,Tr,2.5,0.78,407,580,171,3.2,0.1,colher de sopa,17
"Amendoim, torrado, salgado",606,18.7,22.5,54,NA,NA,7.8,376,Tr,39,1.3,0.68,261,496,159,2.1,0.08,colher de sopa,17
"Ervilha, em vagem",88,14.2,7.5,0.5,NA,NA,9.7,Tr,12.4,24,1.4,0.2,152,311,42,1.2,0.27,colher de sopa,27
"Ervilha, enlatada, drenada",74,13.4,4.6,0.4,NA,NA,5.1,372, ,22,1.4,0.14,79,147,23,0.9,0.07,colher de sopa,30
"Feijão, carioca, cozido",76,13.6,4.8,0.5,NA,NA,8.5,2,Tr,27,1.3,0.19,87,255,42,0.7,0.04,concha média,100
"Feijão, carioca, cru",329,61.2,20,1.3,NA,NA,18.4,Tr, ,123,8,0.79,385,1352,210,2.9,0.17,,
"Feijão, fradinho, cozido",78,13.5,5.1,0.6,NA,NA,7.5,1,Tr,17,1.1,0.1,85,253,38,1.1,0.12,colher de sopa,25
"Feijão, fradinho, cru",339,61.2,20.2,2.4,NA,NA,23.6,10,Tr,78,5.1,0.7,355,1083,178,3.9,0.14,,
"Feijão, jalo, cozido",93,16.5,6.1,0.5,NA,NA,13.9,1,Tr,29,1.9,0.24,121,348,44,1,0.13,concha média,100
"Feijão, jalo, cru",328,61.5,20.1,0.9,NA,NA,30.3,25,Tr,98,7,0.95,427,1276,170,3,0.1,,
"Feijão, preto, cozido",77,14,4.5,0.5,NA,NA,8.4,2,Tr,29,1.5,0.2,88,256,40,0.7,0.06,concha média,100
"Feijão, preto, cru",324,58.8,21.3,1.2,NA,NA,21.8,Tr, ,111,6.5,0.83,471,1416,188,2.9,0.12,,
"Feijão, rajado, cozido",85,15.3,5.5,0.4,NA,NA,9.3,1,Tr,29,1.4,0.23,113,315,42,0.9,0.09,concha média,100
"Feijão, rajado, cru",326,62.9,17.3,1.2,NA,NA,24,14,Tr,111,18.6,0.84,335,1135,170,2.6,0.07,,
"Feijão, rosinha, cozido",68,11.8,4.5,0.5,NA,NA,4.8,2,Tr,19,1.2,0.09,90,241,43,1.3,Tr,concha média,100
"Feijão, rosinha, cru",337,62.2,20.9,1.3,NA,NA,20.6,24,Tr,68,5.3,0.6,394,1109,184,4,0.16,,
"Feijão, roxo, cozido",77,12.9,5.7,0.5,NA,NA,11.5,1,Tr,23,1.4,0.22,106,268,34,1,0.15,concha média,100
"Feijão, roxo, cru",331,60,22.2,1.2,NA,NA,33.8,10,Tr,120,6.9,1.04,394,1221,162,3.3,0.26,,
"Grão-de-bico, cru",355,57.9,21.2,5.4,NA,NA,12.4,5,Tr,114,5.4,0.67,342,1116,146,3.2,0.52,,
"Guandu, cru",344,64,19,2.1,NA,NA,21.3,2,1.5,129,1.9,0.57,269,1215,166,2,1.06,,
"Lentilha, cozida",93,16.3,6.3,0.5,NA,NA,7.9,1,Tr,16,1.5,0.17,104,220,22,1.1,0.03,colher de sopa,18
,,,,,,,,,,,,,,,,,,,
"Lentilha, crua",339,62,23.2,0.8,NA,NA,16.9,Tr, ,54,7,0.83,368,887,94,3.5,0.11,,
"Paçoca, amendoim",487,52.4,16,26.1,NA,NA,7.3,167,Tr,22,1.1,0.38,198,348,101,1.6,Tr,unidade,30
"Pé-de-moleque, amendoim",503,54.7,13.2,28,NA,NA,3.4,16,Tr,27,1.3,0.43,171,355,108,1.4,0.04,unidade média,20
"Soja, farinha",404,38.4,36,14.6,NA,NA,20.2,6,Tr,206,13.1,1.29,539,1922,242,4.5,0.2,colher de sopa,17
"Soja, extrato solúvel, natural, fluido",39,4.3,2.4,1.6,NA,NA,0.4,57,Tr,17,0.4,0.08,53,121,15,0.3,Tr,,
"Soja, extrato solúvel, pó",459,28.5,35.7,26.2,NA,NA,7.3,83,9.2,359,7,1.19,647,1607,216,5.8,Tr,colher de sopa,20
"Soja, queijo (tofu)",64,2.1,6.6,4,NA,NA,0.8,1,Tr,81,1.4,0.18,130,182,38,0.9,0.04,pedaço,30
"Tremoço, cru",381,43.8,33.6,10.3,NA,NA,32.3,3,25,177,2.8,0.79,265,708,121,4.2,0.24,,
"Tremoço, em conserva",121,12.4,11.1,3.8,NA,NA,14.4,1809,Tr,16,0.3,0.27,40,5,4,0.6,Tr,1/2 xícara,60
,,,,,,,,,,,,,,,,,,,
"Amêndoa, torrada, salgada",581,29.5,18.6,47.3,NA,NA,11.6,279,Tr,237,3.1,0.93,493,640,222,2.6,0.29,unidade média,1
"Castanha-de-caju, torrada, salgada",570,29.1,18.5,46.3,NA,NA,3.7,125,Tr,33,5.2,1.92,594,671,237,4.7,0.29,unidade média,"2,5"
"Castanha-do-Brasil, crua",643,15.1,14.5,63.5,NA,NA,7.9,1,Tr,146,2.3,1.79,853,651,365,4.2,0.3,unidade média,4
"Coco, cru",406,10.4,3.7,42,NA,NA,5.4,15,2.5,6,1.8,0.45,118,354,51,0.9,Tr,porção média,100
"Coco,  verde, cru",*,*,*,*,*,NA,*,*,*,*,*,*,*,*,*,*,*,porção média,100
"Farinha, de mesocarpo de babaçu, crua",329,79.2,1.4,0.2,NA,NA,17.9,12,Tr,61,18.3,0.22,26,362,39,0.3,Tr,,
"Gergelim, semente",584,21.6,21.2,50.4,NA,NA,11.9,3,Tr,825,5.4,1.51,741,546,361,5.2,0.94,colher de sopa,15
"Linhaça, semente",495,43.3,14.1,32.3,NA,NA,33.5,9,Tr,211,4.7,1.09,615,869,347,4.4,0.12,colher de sopa,15
"Pinhão, cozido",174,43.9,3,0.7,NA,NA,15.6,1,27.7,16,0.8,0.18,166,727,53,0.8,Tr,concha,100
"Pupunha, cozida",219,29.6,2.5,12.8,NA,NA,4.3,1,2.2,28,0.5,0.28,49,303,25,0.3,Tr,unidade média,25
"Noz, crua",620,18.4,14,59.4,NA,NA,7.2,5,Tr,105,2,0.75,396,533,153,2.1,0.38,unidade,5