"Arroz integral cozido","Colher de sopa",30,"gramas",124,70,26,2.6,1.0,0.3,2.7,1,NULL,5,0.3,NULL,75,59,0.08,NULL,NULL
"Arroz integral cozido com sal","Colher de sopa",30,"gramas",124,70,26,2.6,1.0,0.3,2.7,500,NULL,5,0.3,NULL,75,59,0.08,NULL,NULL
"Arroz integral cru","Xicara",100,"gramas",360,12,77,7.3,1.9,0.3,4.8,2,NULL,8,0.9,NULL,173,110,0.26,NULL,4.18
"Arroz polido cozido","Colher de sopa",30,"gramas",128,69,28,2.5,0.2,0.2,1.6,1,NULL,4,0.1,NULL,15,2,NULL,NULL,NULL
"Arroz polido cozido com sal","Colher de sopa",30,"gramas",128,69,28,2.5,0.2,0.2,1.6,500,NULL,4,0.1,NULL,15,2,NULL,NULL,NULL
"Arroz polido cru","Xicara",100,"gramas",358,13,79,7.2,0.3,0.1,1.6,1,NULL,4,0.7,NULL,62,30,0.16,NULL,1.12
"Aveia flocos crua","Colher de sopa",15,"gramas",394,9,67,13.9,8.5,1.5,9.1,5,1.4,48,4.4,NULL,336,119,0.55,0.03,4.47
"Biscoito maisena","Unidade",5,"gramas",443,3,75,8.1,12.0,3.9,2.1,352,6.2,54,1.8,NULL,142,37,1.01,0.42,3.91
"Biscoito recheado com chocolate","Unidade",13,"gramas",472,2,71,6.4,19.6,6.2,3.0,239,3.5,27,2.3,NULL,232,48,0.32,0.39,2.52
"Biscoito recheado com morango","Unidade",15,"gramas",471,3,71,5.7,19.6,6.1,1.5,230,NULL,36,1.5,NULL,113,27,0.90,0.42,1.50
"Biscoito wafer recheado de chocolate","Unidade",7.5,"gramas",502,1,68,5.6,24.7,6.5,1.8,137,NULL,23,2.4,NULL,240,48,0.37,0.03,1.12
"Biscoito wafer recheado de morango","Unidade",7.5,"gramas",513,1,67,4.5,26.4,6.7,0.8,120,NULL,14,1.1,NULL,75,19,0.36,NULL,0.37
"Biscoito cream cracker","Unidade",6.2,"gramas",432,4,69,10.1,14.4,4.4,2.5,854,NULL,20,2.2,NULL,181,40,0.71,0.13,7.14
"Mistura para bolo","Colher de sopa",11.7,"gramas",419,1,85,6.2,6.1,2.1,1.7,463,NULL,59,1.2,NULL,75,28,0.18,NULL,1.52
"Bolo de aipim","Pedaço grande",100,"gramas",324,34,48,4.4,12.7,5.0,0.7,111,NULL,85,0.5,NULL,135,10,0.13,0.07,NULL
"Bolo pronto de chocolate","Fatia média",60,"gramas",410,19,55,6.2,18.5,5.5,1.4,283,NULL,75,2.1,NULL,212,28,0.13,0.09,NULL
"Bolo de coco","Fatia média",70,"gramas",333,29,52,5.7,11.3,4.9,1.1,190,NULL,57,0.8,NULL,143,16,0.15,0.06,NULL
"Bolo de milho","Fatia média",50,"gramas",311,37,45,4.8,12.4,4.5,0.7,134,NULL,83,0.7,57,118,10,0.11,0.05,NULL
"Canjica branca crua","Meia xícara",100,"gramas",358,14,78,7.2,1.0,0.3,5.5,1,NULL,2,0.3,NULL,93,12,NULL,NULL,NULL
"Canjica com leite integral","Concha cheia",120,"gramas",112,72,24,2.4,1.2,0.6,1.2,28,NULL,43,0.1,NULL,70,6,NULL,0.04,NULL
"Flocos de milho com sal","Xícara",40,"gramas",370,9,81,7.3,1.6,0.5,5.3,272,NULL,2,0.5,NULL,69,20,0.12,NULL,NULL
"Flocos de milho sem sal","Xícara",40,"gramas",363,11,80,6.9,1.2,0.3,1.8,31,NULL,2,1.7,NULL,29,17,0.05,NULL,NULL
"Pó para mingau de cereais milho","Colher de sopa",37,"gramas",394,5,87,6.4,1.1,0.3,3.2,399,109.4,219,3.0,21,82,16,3.72,0.47,24.16
"Mistura de flocos de trigo, cevada e aveia","Colher de sopa",9,"gramas",381,4,82,8.9,2.1,0.5,5.0,1163,13.1,584,12.6,NULL,244,72,0.76,0.88,7.46
"Cereal matinal de milho sem açúcar","Xícara",40,"gramas",365,6,84,7.2,1.0,0.4,4.1,655,17.3,143,3.1,15,83,11,0.76,1.02,11.04
"Cereal matinal de milho com açúcar","Xícara",40,"gramas",377,4,89,4.7,0.7,0.2,2.1,405,14.6,56,3.9,15,52,8,0.73,1.11,10.13
"Pó para preparo de creme de arroz","Colher de sopa",37,"gramas",386,7,84,7.0,1.2,0.4,1.1,1,NULL,7,0.6,NULL,115,51,0.22,NULL,NULL
"Pó para preparo de creme de milho","Colher de sopa",9,"gramas",333,6,86,4.8,1.6,0.3,3.7,594,96.3,323,4.3,NULL,166,30,0.74,NULL,NULL
"Curau de milho verde preparado","Xícara ",210,"gramas",78,82,14,2.4,1.6,0.8,0.5,21,NULL,53,0.4,57,162,16,0.04,0.07,NULL
"Mistura em pó para curau milho verde","Colher de sopa",10,"gramas",402,4,80,2.2,13.4,3.0,2.5,223,NULL,31,0.9,NULL,55,9,0.13,NULL,NULL
"Farinha de arroz enriquecida","Colher de sopa",17,"gramas",363,13,86,1.3,0.3,0.2,0.6,17,173.6,1,31.4,NULL,13,4,3.23,NULL,24.42
"Farinha de centeio integral","Colher de sopa",15,"gramas",336,11,73,12.5,1.8,0.3,15.5,41,NULL,34,4.7,NULL,334,120,0.29,0.03,NULL
"Farinha de milho amarela","Colher de sopa",15,"gramas",351,12,79,7.2,1.5,0.4,5.5,45,NULL,1,2.3,9,58,31,0.25,NULL,NULL
"Farinha de rosca","Colher de sopa",15,"gramas",371,10,76,11.4,1.5,0.6,4.8,333,NULL,35,6.7,NULL,212,57,0.25,NULL,NULL
"Farinha de trigo","Colher de sopa",20,"gramas",360,13,75,9.8,1.4,0.3,2.3,1,NULL,18,1.0,NULL,151,31,0.31,NULL,0.89
"Farinha láctea de cereais","Colher de sopa",7.5,"gramas",415,3,78,11.9,5.8,3.3,1.9,125,24.3,196,8.7,492,366,58,1.43,1.13,9.50
"Massa de lasanha cozida","Fatia",100,"gramas",164,60,33,5.8,1.2,0.6,1.6,207,NULL,10,1.2,NULL,54,4,0.04,NULL,3.96
"Massa de lasanha crua","Porção",101,"gramas",220,45,45,7.0,1.3,0.5,1.6,667,NULL,17,1.9,NULL,137,13,0.08,NULL,NULL
"Macarrão instantâneo cru","Pacote",80,"gramas",436,6,62,8.8,17.2,NULL,5.6,1516,NULL,18,0.8,NULL,148,19,1.18,0.04,9.37
"Macarrão de trigo cru","Porção",80,"gramas",371,10,78,10.0,1.3,NULL,2.9,7,NULL,17,0.9,NULL,147,28,0.18,0.02,3.57
"Macarrão de trico com ovos","Porção",80,"gramas",371,11,77,10.3,2.0,0.5,2.3,15,NULL,19,0.9,NULL,134,NULL,0.11,0.05,4.37
"Amido de milho cru (Maisena)","Colher de sopa",20,"gramas",361,12,87,0.6,NULL,NULL,0.7,8,NULL,1,0.1,NULL,9,3,NULL,NULL,NULL
"Fubá","Colher de sopa",20,"gramas",353,11,79,7.2,1.9,0.4,4.7,NULL,NULL,3,0.9,13,168,41,0.25,NULL,0.75
"Milho verde cru","Colher de sopa",20,"gramas",138,64,29,6.6,0.6,0.2,3.9,1,NULL,2,0.4,16,185,33,0.30,NULL,NULL
"Milho verde enlatado sem a água","Colher de sopa",24,"gramas",98,76,17,3.2,2.4,0.6,4.6,260,1.7,2,0.6,24,162,20,NULL,0.05,3.74
"Pó para preparo de mingau","Colher de sopa",37,"gramas",373,8,89,0.6,0.4,0.1,0.9,15,NULL,522,42.0,1533,NULL,4,3.41,NULL,19.39
"Pamonha","Barra",100,"gramas",171,61,31,2.6,4.8,0.5,2.4,132,NULL,4,0.4,NULL,125,15,NULL,NULL,NULL
"Pão de aveia","Fatia",25,"gramas",343,20,60,12.4,5.7,1.1,6.0,606,NULL,109,4.7,NULL,210,57,0.09,0.03,NULL
"Pão de soja","Fatia",25,"gramas",309,26,57,11.3,3.6,0.7,5.7,663,NULL,90,3.3,NULL,296,48,0.07,0.04,NULL
"Pão de glúten","Fatia",25,"gramas",253,41,44,12.0,2.7,0.5,2.5,22,NULL,156,5.7,NULL,65,24,0.04,0.03,NULL
"Pão de milho","Fatia",25,"gramas",292,30,56,8.3,3.1,0.6,4.3,507,NULL,78,3.0,NULL,89,29,0.08,NULL,NULL
"Pão de trigo em forma integral","Fatia",25,"gramas",253,35,50,9.4,3.7,0.7,6.9,506,NULL,132,3.0,NULL,163,60,0.08,0.04,NULL
"Pão francês","Unidade",50,"gramas",300,28,59,8.0,3.1,1.0,2.3,648,NULL,16,1.0,3,142,25,0.39,0.67,2.34
"Pão de trigo sovado","Fatia",50,"gramas",311,26,61,8.4,2.8,0.8,2.4,431,NULL,52,2.3,NULL,91,22,0.08,0.04,NULL
"Pastel de carne cru","Unidade média",32,"gramas",289,34,42,10.7,8.8,3.7,1.0,1309,NULL,17,2.0,NULL,166,18,0.06,0.03,1.58
"Pastel de carne frito","Unidade média",32,"gramas",388,23,44,10.1,20.1,4.8,1.0,1040,NULL,13,2.5,NULL,156,14,0.06,0.05,1.83
"Pastel de queijo cru","Unidade média",24,"gramas",308,31,46,9.9,9.6,NULL,1.1,985,NULL,155,1.0,NULL,103,16,0.07,0.03,NULL
"Pastel de quejo frito","Unidade média",25,"gramas",422,18,48,8.7,22.7,NULL,0.9,821,NULL,126,1.3,18,124,15,0.09,0.04,NULL
"Massa de patel crua","Unidade",20,"gramas",310,27,57,6.9,5.5,2.1,1.4,1344,NULL,13,1.1,NULL,167,14,0.15,NULL,NULL
"Massa de pastel frita","Unidade",20,"gramas",570,1,49,6.0,40.9,6.9,1.3,1175,NULL,11,1.4,NULL,143,13,0.16,NULL,NULL
"Pipoca com óleo de soja sem sal","Saco médio",20,"gramas",448,3,70,9.9,15.9,2.4,14.3,4,NULL,3,1.2,NULL,256,91,0.03,0.03,NULL
"Polenta pré-cozida","Colher de sopa",20,"gramas",103,73,23,2.3,0.3,NULL,2.4,442,NULL,1,NULL,NULL,100,4,0.04,NULL,NULL
"Torrada de pão francês","Unidade",8,"gramas",377,9,75,10.5,3.3,0.9,3.4,829,NULL,19,1.2,NULL,189,32,0.38,NULL,NULL
"Abóbora cabotian cozida","Colher de sopa",36,"gramas",48,86,11,1.4,0.7,0.1,2.5,1,7.5,8,0.3,NULL,199,9,0.08,NULL,NULL
"Abóbora cabotian cozida com sal","Colher de sopa",36,"gramas",48,86,11,1.4,0.7,0.1,2.5,400,7.5,8,0.3,NULL,199,9,0.08,NULL,NULL
"Abóbora moranga refogada","Colher de sopa",36,"gamas",29,92,6,0.4,0.8,0.1,1.5,3,6.7,19,0.1,48,183,7,0.05,NULL,NULL
"Abobrinha italiana cozida","Colher de sopa",20,"gramas",15,95,3,1.1,0.2,0.1,1.6,1,2.1,17,0.2,NULL,126,17,0.05,NULL,NULL
"Abobrinha italiana refugada","Colher de sopa",20,"gramas",24,93,4,1.1,0.8,0.1,1.4,2,7.5,21,0.4,21,194,13,0.04,NULL,NULL
"Abóbora moranga refogada com sal","Colher de sopa",36,"gamas",29,92,6,0.4,0.8,0.1,1.5,400,6.7,19,0.1,48,183,7,0.05,NULL,NULL
"Abobrinha italiana cozida com sal","Colher de sopa",20,"gramas",15,95,3,1.1,0.2,0.1,1.6,400,2.1,17,0.2,NULL,126,17,0.05,NULL,NULL
"Abobrinha italiana refugada com sal","Colher de sopa",20,"gramas",24,93,4,1.1,0.8,0.1,1.4,400,7.5,21,0.4,21,194,13,0.04,NULL,NULL
"Acelga crua","Colher de sopa",6,"gramas",21,93,5,1.4,0.1,NULL,1.1,1,22.6,43,0.3,NULL,240,10,0.04,NULL,NULL
"Ãgrião cru","Colher de sopa",7,"gramas",17,94,2,2.7,0.2,NULL,2.1,7,60.1,133,3.1,229,218,18,0.11,0.23,1.19
"Aipo cru","Colher de sopa",10,"gramas",19,94,4,0.8,0.1,NULL,1.0,10,5.9,65,0.7,458,274,9,NULL,NULL,NULL
"Alface americana crua","Pires",20,"gramas",9,97,2,0.6,0.1,NULL,1.0,7,11.0,14,0.3,NULL,136,6,0.03,NULL,NULL
"Alface crespa crua","Pires",20,"gramas",11,96,2,1.3,0.2,NULL,1.8,3,15.6,38,0.4,117,267,11,0.11,0.12,1.09
"Alfase lisa crua","Pires",20,"gramas",14,95,2,1.7,0.1,NULL,2.3,4,21.4,28,0.6,184,349,9,0.09,0.08,0.75
"Alface lisa crua","Pires",20,"gramas",13,96,2,0.9,0.2,NULL,2.0,7,13.5,34,2.5,156,308,9,NULL,NULL,NULL
"Alfavaca crua","Pires",10,"gramas",29,90,5,2.7,0.5,0.1,4.1,5,NULL,258,1.3,NULL,261,84,NULL,0.12,NULL
"Alho cru","Dente grande",5,"gramas",113,68,24,7.0,0.2,NULL,4.3,5,NULL,14,0.8,NULL,535,21,0.18,NULL,NULL
"Alho -poró cru","Colher de sopa",10,"gramas",32,91,7,1.4,0.1,NULL,2.5,2,14.1,34,0.6,8,224,11,0.06,NULL,0.34
"Almeirão cru","Colher de sopa",10,"gramas",18,94,3,1.8,0.2,NULL,2.6,2,1.7,19,0.7,283,369,21,0.10,0.18,0.63
"Almeirão refogado","Colher de sopa",25,"gramas",65,87,6,1.7,4.8,0.8,3.4,15,1.5,63,1.6,NULL,315,17,0.03,0.06,4.03
"Batata baroa cozida ","Colher de sopa",35,"gramas",80,79,19,0.9,0.2,NULL,1.8,2,17.1,12,0.4,NULL,258,8,0.06,NULL,1.98
"Batata doce cozida","Colher de sopa",42,"gramas",77,80,18,0.6,0.1,NULL,2.2,3,23.8,17,0.2,NULL,148,11,0.08,NULL,2.57
"Almeirão refogado com sal","Colher de sopa",25,"gramas",65,87,6,1.7,4.8,0.8,3.4,400,1.5,63,1.6,NULL,315,17,0.03,0.06,4.03
"Batata baroa cozida  com sal","Colher de sopa",35,"gramas",80,79,19,0.9,0.2,NULL,1.8,350,17.1,12,0.4,NULL,258,8,0.06,NULL,1.98
"Batata doce cozida com sal","Colher de sopa",42,"gramas",77,80,18,0.6,0.1,NULL,2.2,350,23.8,17,0.2,NULL,148,11,0.08,NULL,2.57
"Batata doce crua","Unidade média",140,"gramas",118,70,28,1.3,0.1,NULL,2.6,9,16.5,21,0.4,NULL,340,17,0.06,NULL,NULL
"Batata frita tipo chips industrializada","Punhado",15,"gramas",543,3,51,5.6,36.6,12.9,2.5,607,NULL,12,0.7,NULL,1014,24,0.20,NULL,2.61
"Batata inglesa cozida","Colher de sopa",30,"gramas",52,86,12,1.2,NULL,NULL,1.3,2,3.8,4,0.2,NULL,161,5,0.05,NULL,NULL
"Batata inglesa cozida com sal","Colher de sopa",30,"gramas",52,86,12,1.2,NULL,NULL,1.3,400,3.8,4,0.2,NULL,161,5,0.05,NULL,NULL
"Batata inglesa frita","Escumadeira",65,"gramas",267,44,36,5.0,13.1,2.1,8.1,2,16.3,6,0.4,NULL,489,14,0.17,NULL,2.51
"Batata inglesa sauté","Colher de sopa",25,"gramas",68,83,14,1.3,0.9,0.3,1.4,8,NULL,4,0.3,NULL,199,6,0.07,NULL,1.38
"Berinjela cozida","Colher de sopa",25,"gramas",19,94,4,0.7,0.1,NULL,2.5,1,NULL,11,0.2,NULL,105,9,0.04,NULL,NULL
"Beterraba cozida","Colher de sopa",20,"gramas",32,91,7,1.3,0.1,NULL,1.9,23,1.2,15,0.2,NULL,245,17,0.09,NULL,NULL
"Beterraba crua ralada","Colher de sopa",16,"gramas",49,86,11,1.9,0.1,NULL,3.4,10,3.1,18,0.3,NULL,375,24,0.04,NULL,NULL
"Biscoito de polvilho doce","Unidade",3,"gramas",438,5,81,1.3,12.2,2.4,1.2,98,NULL,30,1.8,NULL,54,6,NULL,0.03,NULL
"Brócolis cozido","Colher de sopa",10,"gramas",25,93,4,2.1,0.5,0.1,3.4,2,42.0,51,0.5,NULL,119,15,0.04,0.03,NULL
"Brócolis cru","Colher de sopa",10,"gramas",25,91,4,3.6,0.3,0.1,2.9,3,34.3,86,0.6,140,322,30,0.12,0.18,1.39
"Cará cozido","Pedaço médio",100,"gramas",78,79,19,1.5,0.1,NULL,2.6,1,NULL,5,0.3,NULL,203,15,0.12,NULL,NULL
"Caruru cru","Colher de sopa",25,"gramas",34,88,6,3.2,0.6,0.1,4.5,14,5.4,455,4.5,953,279,197,NULL,0.10,NULL
"Batata inglesa sauté com sal","Colher de sopa",25,"gramas",68,83,14,1.3,0.9,0.3,1.4,400,NULL,4,0.3,NULL,199,6,0.07,NULL,1.38
"Berinjela cozida com sal","Colher de sopa",25,"gramas",19,94,4,0.7,0.1,NULL,2.5,400,NULL,11,0.2,NULL,105,9,0.04,NULL,NULL
"Beterraba cozida  com sal","Colher de sopa",20,"gramas",32,91,7,1.3,0.1,NULL,1.9,400,1.2,15,0.2,NULL,245,17,0.09,NULL,NULL
"Brócolis cozido com sal","Colher de sopa",10,"gramas",25,93,4,2.1,0.5,0.1,3.4,400,42.0,51,0.5,NULL,119,15,0.04,0.03,NULL
"Cará cozido com sal","Pedaço médio",100,"gramas",78,79,19,1.5,0.1,NULL,2.6,400,NULL,5,0.3,NULL,203,15,0.12,NULL,NULL
"Catalonha crua","Folha média",12,"gramas",24,92,5,1.9,0.3,0.1,2.0,9,7.3,57,3.1,NULL,412,17,NULL,0.03,1.54
"Catalonha refogada","Colher de sopa",20,"gramas",63,87,5,2.0,4.8,0.7,3.7,25,NULL,63,1.2,425,452,16,0.04,NULL,0.60
"Catalonha refogada com sal","Colher de sopa",20,"gramas",63,87,5,2.0,4.8,0.7,3.7,400,NULL,63,1.2,425,452,16,0.04,NULL,0.60
"Cebola crua","Colher de sopa",10,"gramas",39,89,9,1.7,0.1,NULL,2.2,1,4.7,14,0.2,NULL,176,12,0.04,NULL,NULL
"Cebolinha crua","Colher de sopa",10,"gramas",20,94,3,1.9,0.4,NULL,3.6,2,31.8,80,0.6,67,206,25,0.03,0.04,NULL
"Cenoura cozida","Colher de sopa",25,"gramas",30,92,7,0.8,0.2,NULL,2.6,8,NULL,26,0.1,306,176,14,0.07,NULL,2.68
"Cenoura crua ralada","Colher de sopa",12,"gramas",34,90,8,1.3,0.2,NULL,3.2,3,5.1,23,0.2,663,315,11,NULL,NULL,NULL
"Chicória crua","Folha média",12,"gramas",14,95,3,1.1,0.1,NULL,2.2,14,6.5,45,0.5,NULL,425,14,0.03,0.10,0.68
"Chuchu cozido","Colher de sopa",20,"gramas",19,95,5,0.4,NULL,NULL,1.0,2,5.6,8,0.1,NULL,54,7,0.03,NULL,NULL
"Chuchu cozido com sal","Colher de sopa",20,"gramas",19,95,5,0.4,NULL,NULL,1.0,400,5.6,8,0.1,NULL,54,7,0.03,NULL,NULL
"Coentro folhas desidratadas","Colher de café",5,"gramas",309,11,48,20.9,10.4,NULL,37.3,18,40.8,784,81.4,NULL,3223,393,0.10,0.11,NULL
"Couve manteiga crua","Folha média",20,"gramas",27,91,4,2.9,0.5,0.1,3.1,6,96.7,131,0.5,248,403,35,0.20,0.31,2.29
"Couve manteiga refogada","Colher de sopa",20,"gramas",90,82,9,1.7,6.6,1.0,5.7,11,76.9,177,0.5,192,315,26,NULL,0.05,NULL
"Couve-flor cozida","Colher de sopa",25,"gramas",19,94,4,1.2,0.3,0.1,2.1,2,23.7,16,0.1,NULL,80,5,0.04,NULL,NULL
"Espinafre Nova Zelândia crua","Colher de sopa",20,"gramas",16,94,3,2.0,0.2,NULL,2.1,17,2.4,98,0.4,242,336,82,0.10,0.21,NULL
"Espinafre Nova Zelândia refogado","Colher de sopa",25,"gramas",67,87,4,2.7,5.4,0.9,2.5,47,5.3,112,0.6,312,149,123,0.08,0.13,NULL
"Espinafre Nova Zelândia refogado com sal","Colher de sopa",25,"gramas",67,87,4,2.7,5.4,0.9,2.5,400,5.3,112,0.6,312,149,123,0.08,0.13,NULL
"Farinha de mandioca crua","Colher de sopa",16,"gramas",361,9,88,1.6,0.3,0.1,6.4,1,NULL,65,1.1,NULL,340,37,0.14,NULL,NULL
"Farinha de mandioca torrada","Colher de sopa",16,"gramas",365,8,89,1.2,0.3,0.1,6.5,10,NULL,76,1.2,NULL,328,40,NULL,NULL,NULL
"Farinha de puba","xícara",160,"gramas",360,10,87,1.6,0.5,0.2,4.2,4,NULL,41,1.4,NULL,338,27,0.09,NULL,NULL
"Fécula de mandioca","Colher de sopa",20,"gramas",331,18,81,0.5,0.3,NULL,0.6,2,NULL,12,0.1,NULL,48,3,0.03,NULL,NULL
"Broto de feijão cru","Colher de sopa",15,"gramas",39,87,8,4.2,0.1,NULL,2.0,2,12.0,14,0.8,NULL,189,25,NULL,0.04,NULL
"Inhame cru","Colher de sopa",30,"gramas",97,73,23,2.1,0.2,0.1,1.7,NULL,5.6,12,0.4,NULL,568,29,0.08,NULL,NULL
"Jiló cru","Colher de sopa",25,"gramas",27,92,6,1.4,0.2,0.1,4.8,NULL,6.8,20,0.3,6,213,21,0.07,0.04,NULL
"Jurubeba crua","Colher de sopa",25,"gramas",126,67,23,4.4,3.9,0.5,23.9,1,13.8,151,0.9,NULL,619,65,0.13,0.02,NULL
"Mandioca cozida","Colher de sopa",30,"gramas",125,69,30,0.6,0.3,0.1,1.6,1,11.1,19,0.1,NULL,100,27,0.06,NULL,NULL
"Mandioca cozida com sal","Colher de sopa",30,"gramas",125,69,30,0.6,0.3,0.1,1.6,400,11.1,19,0.1,NULL,100,27,0.06,NULL,NULL
"Farofa de mandioca temperada","Colher de sopa",25,"gramas",406,6,80,2.1,9.1,1.9,7.8,575,NULL,66,1.4,NULL,201,34,0.10,NULL,NULL
"Mandioca frita","Pedaço médio",100,"gramas",300,37,50,1.4,11.2,1.7,1.9,9,NULL,23,0.3,NULL,176,95,0.05,NULL,NULL
"Mandioca frita com sal","Pedaço médio",100,"gramas",300,37,50,1.4,11.2,1.7,1.9,400,NULL,23,0.3,NULL,176,95,0.05,NULL,NULL
"Manjeiricão cru","Colher de sopa",10,"gramas",21,93,4,2.0,0.4,0.1,3.3,4,2.3,211,1.0,517,252,58,0.06,0.21,0.90
"Maxixe cru","Fatia média",3,"gramas",14,95,3,1.4,0.1,NULL,2.2,11,9.6,21,0.4,3,328,10,0.06,0.02,NULL
"Mostarda folha crua","Colher de sopa",10,"gramas",18,93,3,2.1,0.2,NULL,1.9,3,38.6,68,1.1,NULL,364,16,0.05,0.04,NULL
"Nhoque de batata cozido","Colher de sopa",25,"gramas",181,55,37,5.9,1.9,0.6,1.8,7,NULL,11,1.6,15,164,18,0.08,NULL,NULL
"Nhoque de batata cozido com sal","Colher de sopa",25,"gramas",181,55,37,5.9,1.9,0.6,1.8,400,NULL,11,1.6,15,164,18,0.08,NULL,NULL
"Nabo cru","Fatia média",3,"gramas",18,94,4,1.2,0.1,NULL,2.6,2,9.6,42,0.2,NULL,280,15,0.07,NULL,NULL
"Palmito juraça em conserva","Colher de sopa",15,"gramas",23,91,4,1.8,0.4,0.1,3.2,514,2.0,58,0.3,NULL,244,34,0.06,0.04,NULL
"Palmito pupunha em conserva","Colher de sopa",15,"gramas",29,89,6,2.5,0.5,NULL,2.6,563,8.7,32,0.2,NULL,206,25,0.03,NULL,NULL
"Pão de queijo assado","Unidade média",30,"gramas",363,34,34,5.1,24.6,NULL,0.6,773,NULL,102,0.3,61,93,8,0.04,0.10,NULL
"Pepino cru","Fatia média",3,"gramas",10,97,2,0.9,NULL,NULL,1.1,NULL,5.0,10,0.1,2,154,9,NULL,0.03,NULL
"Pimentão amarelo cru","Colher de sopa",15,"gramas",28,92,6,1.2,0.4,NULL,1.9,NULL,201.4,10,0.4,20,221,11,0.04,0.03,NULL
"Pimentão verde cru","Colher de sopa",16,"gramas",21,94,5,1.1,0.2,NULL,2.6,NULL,100.2,9,0.4,23,174,8,NULL,NULL,NULL
"Pimentão vermelho cru","Colher de sopa",17,"gramas",23,93,5,1.0,0.1,NULL,1.6,NULL,158.2,6,0.3,43,211,11,0.05,0.06,NULL
"Polvilho doce","Colher de sopa",15,"gramas",351,13,87,0.4,NULL,NULL,0.2,2,NULL,27,0.5,NULL,38,4,NULL,NULL,NULL
"Quiabo cru","Colher de sopa",30,"gramas",30,91,6,1.9,0.3,NULL,4.6,1,5.6,112,0.4,25,249,50,0.10,NULL,NULL
"Rabanete cru","Colher de sopa",35,"gramas",14,95,3,1.4,0.1,NULL,2.2,11,9.6,21,0.4,NULL,328,10,0.06,0.02,NULL
"Repolho branco cru","Colher de sopa",10,"gramas",17,95,4,0.9,0.1,NULL,1.9,4,18.7,35,0.2,3,150,9,NULL,0.03,NULL
"Repolho roxo cru","Colher de sopa",10,"gramas",31,90,7,1.9,0.1,NULL,2.0,2,43.2,44,0.5,NULL,328,18,0.07,NULL,NULL
"Repolho roxo refogado","Colher de sopa",10,"gramas",42,89,8,1.8,1.2,0.2,1.8,3,40.5,43,0.5,NULL,321,17,0.07,NULL,0.63
"Repolho roxo refogado com sal","Colher de sopa",10,"gramas",42,89,8,1.8,1.2,0.2,1.8,400,40.5,43,0.5,NULL,321,17,0.07,NULL,0.63
"Rúcula crua","Colher de sopa",10,"gramas",13,95,2,1.8,0.1,NULL,1.7,9,46.3,117,0.9,266,233,18,0.04,NULL,0.35
"Salsa crua","Colher de sopa",10,"gramas",33,89,6,3.3,0.6,0.1,1.9,2,51.7,179,3.2,872,711,21,0.12,0.15,0.72
"Seleta de legumes enlatada","xícara de chá",130,"gramas",57,82,13,3.4,0.4,0.1,3.1,398,NULL,16,1.1,122,122,16,0.03,NULL,3.72
"Serralha crua","Colher de sopa",10,"gramas",30,90,5,2.7,0.7,0.1,3.5,19,1.5,126,1.3,567,265,30,NULL,0.11,NULL
"Taioba crua","Colher de sopa",20,"gramas",34,89,5,2.9,0.9,0.2,4.5,1,17.9,141,1.9,580,290,38,NULL,0.10,NULL
"Serralha com sal","Colher de sopa",10,"gramas",30,90,5,2.7,0.7,0.1,3.5,400,1.5,126,1.3,567,265,30,NULL,0.11,NULL
"Taioba com sal","Colher de sopa",20,"gramas",34,89,5,2.9,0.9,0.2,4.5,400,17.9,141,1.9,580,290,38,NULL,0.10,NULL
"Tomate com semente cru","Fatia média",15,"gramas",15,95,3,1.1,0.2,NULL,1.2,1,21.2,7,0.2,27,222,11,0.12,NULL,NULL
"Extrato de tomate","Colher de sopa",20,"gramas",61,80,15,2.4,0.2,NULL,2.8,498,18.0,29,2.1,83,680,29,NULL,NULL,2.42
"Molho de tomate industrializado","Colher de sopa",20,"gramas",38,88,8,1.4,0.9,0.1,3.1,418,2.7,12,1.6,38,388,17,NULL,NULL,NULL
"Purê de tomate","Colher de sopa",20,"gramas",28,91,7,1.4,NULL,NULL,1.0,104,5.4,13,1.3,45,308,15,NULL,NULL,1.18
"Tomate salada","Fatia média",25,"gramas",21,94,5,0.8,NULL,NULL,2.3,5,12.8,7,0.3,NULL,161,10,0.06,0.04,NULL
"Vagem crua","Colher de sopa",20,"gramas",25,92,5,1.8,0.2,NULL,2.4,NULL,1.2,41,0.4,16,208,18,NULL,0.08,NULL
"Abacate cru picado","Colher de sopa",45,"gramas",96,84,6,1.2,8.4,2.3,6.3,NULL,8.7,8,0.2,NULL,206,15,NULL,0.04,NULL
"Abacaxi cru","Fatia média",75,"gramas",48,86,12,0.9,0.1,NULL,1.0,NULL,34.6,22,0.3,NULL,131,18,0.17,0.02,NULL
"Polpa de abacaxi congelada","Sache ",100,"Unidade",31,91,8,0.5,0.1,NULL,0.3,1,1.2,14,0.4,1,107,10,0.05,NULL,NULL
"Abiu cru","Unidade",70,"gramas",62,83,15,0.8,0.7,0.3,1.7,NULL,10.3,6,0.2,NULL,128,9,NULL,0.04,NULL
"Polpa de açai com xarope de guaraná e glucose","Copo duplo",240,"gramas",110,74,21,0.7,3.7,0.7,1.7,15,10.3,22,0.3,NULL,75,13,NULL,NULL,NULL
"Polpa de açai congelada","taça pequena",100,"gramas",58,89,6,0.8,3.9,0.7,2.6,5,NULL,35,0.4,NULL,124,17,NULL,0.04,NULL
"Acerola crua","Unidade",12,"gramas",33,91,8,0.9,0.2,NULL,1.5,NULL,941.4,13,0.2,124,165,13,NULL,0.04,1.38
"Polpa de acerola congelada","Sache ",100,"gramas",22,94,6,0.6,NULL,NULL,0.7,1,623.2,8,0.2,96,112,9,NULL,0.10,NULL
"Ameixa em calda","Unidade média",42,"gramas",183,52,47,0.4,NULL,NULL,0.5,3,4.3,13,2.2,NULL,221,10,NULL,0.23,NULL
"Ameixa crua","Unidade média",16,"gramas",53,85,14,0.8,NULL,NULL,2.4,NULL,7.6,6,0.1,14,134,5,0.07,NULL,NULL
"Ameixa em calda enlatada drenada","Unidade média",20,"gramas",177,50,48,1.0,0.3,0.1,4.5,3,5.2,39,2.7,NULL,263,14,NULL,0.22,NULL
"Atemóia crua","Unidade",500,"gramas",97,73,25,1.0,0.3,0.1,2.1,1,10.1,23,0.2,NULL,300,25,0.09,0.07,1.58
"Banana da terra crua","Unidade media ",31,"gramas",128,64,34,1.4,0.2,NULL,1.5,NULL,15.7,4,0.3,119,328,24,0.03,0.02,NULL
"Doce de banana em barra (mariola)","Unidade",15,"gramas",280,21,76,2.2,0.1,NULL,3.8,10,NULL,12,0.6,14,518,49,0.03,NULL,1.41
"Banana figo crua","Unidade média",100,"gramas",105,70,28,1.1,0.1,NULL,2.8,NULL,17.5,6,0.2,NULL,387,30,0.09,NULL,NULL
"Banana maçã crua","Unidade média",65,"gramas",87,75,22,1.8,0.1,NULL,2.6,NULL,10.5,3,0.2,3,264,24,NULL,NULL,NULL
"Banana naninca crua","Unidade",100,"gramas",92,74,24,1.4,0.1,NULL,1.9,NULL,5.9,3,0.3,7,376,28,NULL,0.02,NULL
"Babana ouro crua","Unidade média",80,"gramas",112,68,29,1.5,0.2,NULL,2.0,NULL,7.6,3,0.3,25,355,28,NULL,NULL,NULL
"Banana pacova crua","Unidade",270,"gramas",78,78,20,1.2,0.1,NULL,2.0,1,NULL,5,0.4,NULL,267,30,0.05,0.03,NULL
"Banana prata crua","Unidade média",40,"gramas",98,72,26,1.3,0.1,NULL,2.0,NULL,21.6,8,0.4,16,358,26,NULL,0.02,NULL
"Cacau cru","Colher de sopa",6.5,"gramas",74,79,19,1.0,0.1,NULL,2.2,1,13.6,12,0.3,NULL,72,25,0.25,NULL,NULL
"Cajá-Manga cru","Unidade média",55,"gramas",46,87,11,1.3,NULL,NULL,2.6,1,26.7,13,0.2,NULL,119,11,0.11,NULL,NULL
"Polpa de cajá congelada","Unidade média",65,"gramas",26,92,6,0.6,0.2,NULL,1.4,7,NULL,9,0.3,53,148,7,0.04,NULL,NULL
"Caju cru","Unidade pequena",20,"gramas",43,88,10,1.0,0.3,NULL,1.7,3,219.3,1,0.2,7,124,10,NULL,NULL,NULL
"Polpa de caju congelada","Sache ",100,"Unidade",37,90,9,0.5,0.2,NULL,0.8,4,119.7,1,0.1,11,88,7,NULL,0.02,2.25
"Suco de caju concentrado","Copo americano",200,"mililitros",45,88,11,0.4,0.2,NULL,0.6,45,138.7,1,0.1,5,107,8,NULL,0.03,NULL
"Caqui","Unidade média",110,"gramas",71,80,19,0.4,0.1,NULL,6.5,2,29.6,18,0.1,NULL,164,9,NULL,NULL,NULL
"Carambola","Unidade",130,"gramas",46,87,11,0.9,0.2,NULL,2.0,4,60.9,5,0.2,NULL,133,7,0.12,NULL,NULL
"Cireguela","Unidade",8,"gramas",76,79,19,1.4,0.4,0.2,3.9,2,27.0,27,0.4,NULL,248,18,0.14,NULL,NULL
"Cupuaçu","Unidade",750,"gramas",49,86,10,1.2,1.0,0.4,3.1,3,24.5,13,0.5,NULL,331,18,0.37,0.04,4.34
"Polpa de cupuaçu congelada","Sache ",100,"gramas",49,87,11,0.8,0.6,0.3,1.6,1,10.5,5,0.3,NULL,291,14,0.07,0.07,NULL
"Figo cru","Unidade média ",55,"gramas",41,88,10,1.0,0.2,NULL,1.8,NULL,0.8,27,0.2,NULL,174,11,0.05,NULL,NULL
"Figo enlatado em calda","Unidade",15,"gramas",184,49,50,0.6,0.2,NULL,2.0,7,5.2,33,0.5,NULL,39,7,NULL,NULL,NULL
"Fruta-pão crua","Unidade",1000,"gramas",67,81,17,1.1,0.2,0.1,5.5,1,9.9,34,0.2,NULL,188,24,0.03,NULL,NULL
"Goiaba branca com casca crua","Unidade média",170,"gramas",52,86,12,0.9,0.5,0.1,6.3,NULL,99.2,5,0.2,NULL,220,7,NULL,NULL,NULL
"Goiaba doce em pasta","Colher de sopa",25,"gramas",269,25,74,0.6,0.0,NULL,3.7,4,23.1,10,0.4,68,165,6,0.07,NULL,NULL
"Goiaba doce cascão","Fatia pequena",40,"gramas",286,20,79,0.4,0.1,NULL,4.4,11,34.3,15,0.4,25,251,10,NULL,NULL,1.41
"Goiaba vermelha com casca crua","Unidade média",170,"gramas",54,85,13,1.1,0.4,0.1,6.2,NULL,80.6,4,0.2,19,198,7,NULL,NULL,NULL
"Graviola crua","Unidade",500,"gramas",62,82,16,0.8,0.2,NULL,1.9,4,19.1,40,0.2,NULL,250,23,0.17,0.12,NULL
"Graviola polpa congelada","Sache ",100,"gramas",38,89,10,0.6,0.1,NULL,1.2,3,10.5,6,0.1,NULL,170,10,NULL,0.09,NULL
"Jabuticaba crua","Unidade",5,"gramas",58,84,15,0.6,0.1,NULL,2.3,NULL,16.2,8,0.1,NULL,130,18,0.06,NULL,NULL
"Jaca crua","Colher de sopa",15,"gramas",88,75,22,1.4,0.3,0.1,2.4,2,14.8,11,0.4,NULL,234,40,0.10,0.04,NULL
"Jambo cru","Unidade",65,"gramas",27,92,6,0.9,0.1,NULL,5.1,22,3.8,14,0.1,NULL,135,14,0.08,NULL,1.18
"Jamelão cru","Unidade média",10,"gramas",41,88,11,0.5,0.1,NULL,1.8,1,27.1,3,0.0,4,394,2,0.17,NULL,NULL
"Kiwi cru","Unidade média",76,"gramas",51,86,11,1.3,0.6,0.1,2.7,NULL,70.8,24,0.3,3,269,11,NULL,NULL,NULL
"Laranja baía crua","Unidade",180,"gramas",45,87,11,1.0,0.1,NULL,1.1,NULL,56.9,35,0.1,2,174,9,0.06,0.02,NULL
"Laranja baía suco","Copo americano",250,"mililitros",37,90,9,0.7,NULL,NULL,NULL,NULL,94.5,6,0.1,2,173,8,0.03,NULL,NULL
"Laranja da terra crua","Unidade grande",180,"gramas",51,85,13,1.1,0.2,NULL,4.0,1,34.7,51,0.1,NULL,173,14,0.07,0.09,NULL
"Laranja da terra suco","Copo americano",250,"mililitros",41,89,10,0.7,0.1,NULL,1.0,NULL,44.3,13,0.1,2,145,10,0.04,NULL,NULL
"Laranja lima crua","Unidade",165,"gramas",46,87,12,1.1,0.1,NULL,1.8,1,43.5,31,0.1,NULL,130,10,0.09,0.05,NULL
"Laranja lima suco","Copo americano ",250,"mililitros",39,90,9,0.7,0.1,NULL,0.4,NULL,41.3,8,NULL,NULL,129,11,0.10,0.03,NULL
"Laranja pêra crua","Unidade ",173,"gramas",37,90,9,1.0,0.1,NULL,0.8,NULL,53.7,22,0.1,0,163,9,0.07,0.02,NULL
"Laranja pêra suco","Copo americano",250,"mililitros",33,91,8,0.7,0.1,NULL,NULL,NULL,73.3,7,NULL,1,149,8,NULL,NULL,NULL
"Laranja valência crua","Unidade",196,"gramas",46,87,12,0.8,0.2,NULL,1.7,1,47.8,34,0.1,NULL,158,14,0.07,0.04,NULL
"Laranja valência suco","Copo americano",250,"mililitros",36,91,9,0.5,0.1,NULL,0.4,NULL,NULL,9,NULL,1,143,10,NULL,NULL,NULL
"Limão cravo suco","Copo americano",250,"mililitros",14,94,5,0.3,NULL,NULL,NULL,NULL,32.8,10,0.1,16,120,9,NULL,NULL,NULL
"Limão galego suco","Copo americano",250,"mililitros",22,92,7,0.6,0.1,NULL,NULL,NULL,34.5,5,0.1,NULL,113,6,NULL,NULL,NULL
"Limão tahiti cru","Unidade",170,"gramas",32,87,11,0.9,0.1,NULL,1.2,1,38.2,51,0.2,NULL,128,10,0.30,0.04,NULL
"Maçã Argentina com casca crua","Unidade",200,"gramas",63,83,17,0.2,0.2,0.1,2.0,1,1.5,3,0.1,NULL,117,5,0.05,NULL,NULL
"Maçã Fuji com casca crua","Unidade",80,"gramas",56,84,15,0.3,NULL,NULL,1.3,NULL,2.4,2,0.1,2,75,2,NULL,NULL,NULL
"Macaúba crua","Unidade grande",50,"gramas",404,42,14,2.1,40.7,7.1,13.4,1,13.4,67,0.8,510,306,66,0.11,0.11,NULL
"Mamão doce em calda drenado","Colher de sopa",25,"gramas",196,46,54,0.2,0.1,NULL,1.3,3,3.9,20,0.1,NULL,68,6,0.03,NULL,NULL
"Mamão Formosa cru","Fatia média",170,"gramas",45,87,12,0.8,0.1,NULL,1.8,3,78.5,25,0.2,74,222,17,0.03,0.03,NULL
"Mamão Papaia cru","Unidade",165,"gramas",40,89,10,0.5,0.1,NULL,1.0,2,82.2,22,0.2,59,126,22,0.03,0.04,1.03
"Mamão verde doce em calda drenado","Colher de sopa",25,"gramas",209,42,58,0.3,0.1,NULL,1.2,5,NULL,12,0.2,NULL,9,5,NULL,NULL,NULL
"Manga Haden crua","Unidade média",140,"gramas",64,82,17,0.4,0.3,0.1,1.6,1,17.4,12,0.1,81,148,8,0.02,0.06,NULL
"Manga Palmer crua","Unidade ",165,"gramas",72,80,19,0.4,0.2,NULL,1.6,2,65.5,12,0.1,393,157,9,0.09,0.03,NULL
"Manga polpa congelada","Sache ",100,"gramas",48,86,13,0.4,0.2,0.1,1.1,7,24.9,7,0.1,NULL,131,9,NULL,0.07,NULL
"Manga Tommy Atkins crua","Unidade",140,"gramas",51,86,13,0.9,0.2,0.1,2.1,NULL,7.9,8,0.1,59,138,7,NULL,0.04,NULL
"Maracujá cru","Colher de sopa",40,"gramas",68,83,12,2.0,2.1,0.2,1.1,2,19.8,5,0.6,57,338,28,NULL,0.05,NULL
"Maracujá polpa congelada","Sache ",100,"gramas",39,89,10,0.8,0.2,NULL,0.5,8,7.3,5,0.3,NULL,228,10,NULL,0.09,NULL
"Maracujá suco concentrado envasado","Colher de sopa",10,"mililitros",42,89,10,0.8,0.2,NULL,0.4,22,13.7,4,0.3,NULL,201,4,NULL,0.08,1.92
"Melancia crua","Fatia média",200,"gramas",33,91,8,0.9,NULL,NULL,0.1,NULL,6.1,8,0.2,31,104,10,NULL,NULL,NULL
"Melão cru","Fatia grande",115,"gramas",29,91,8,0.7,NULL,NULL,0.3,11,8.7,3,0.2,1,216,6,NULL,NULL,NULL
"Mexerica Murcote crua","Unidade grande",100,"gramas",58,84,15,0.9,0.1,NULL,3.1,1,21.8,33,0.1,NULL,159,12,0.08,0.07,NULL
"Mexerica Rio crua","Unidade grande",100,"gramas",37,90,9,0.7,0.1,NULL,2.7,2,112.0,17,0.1,NULL,125,8,0.03,NULL,NULL
"Morango cru","Unidade média",12,"gramas",30,92,7,0.9,0.3,NULL,1.7,NULL,63.6,11,0.3,NULL,184,10,NULL,0.03,NULL
"Nêspera crua","Unidade média",55,"gramas",43,88,12,0.3,NULL,NULL,3.0,NULL,3.2,20,0.1,85,113,10,NULL,NULL,NULL
"Pequi cru","Unidade",76.4,"gramas",205,66,13,2.3,18.0,NULL,19.0,NULL,8.3,32,0.3,30,298,30,0.17,0.48,2.57
"Pêra Park crua","Unidade média",110,"gramas",61,83,16,0.2,0.2,0.1,3.0,1,2.4,9,0.3,NULL,102,6,0.06,NULL,NULL
"Pêra Williams crua","Unidade média",110,"gramas",53,85,14,0.6,0.1,NULL,3.0,NULL,2.8,8,0.1,NULL,116,6,NULL,NULL,NULL
"Pêssego Aurora cru","Unidade média",60,"gramas",36,89,9,0.8,NULL,NULL,1.4,NULL,3.3,3,0.2,NULL,124,4,0.05,NULL,NULL
"Pêssego enlatado em calda","Colher de sopa",30,"gramas",63,82,17,0.7,NULL,NULL,1.0,3,NULL,4,0.6,24,95,4,NULL,NULL,NULL
"Pinha crua","Unidade média",60,"gramas",88,75,22,1.5,0.3,0.1,3.4,1,35.9,21,0.2,NULL,283,31,0.12,0.04,NULL
"Pitanga crua","Unidade",15,"gramas",41,88,10,0.9,0.2,NULL,3.2,2,24.9,18,0.4,77,113,12,0.03,0.10,NULL
"Pitanga polpa congelada","Sache ",100,"gramas",19,95,5,0.3,0.1,NULL,0.7,5,NULL,8,0.4,73,87,6,NULL,NULL,NULL
"Romã crua","Colher de sopa",15,"gramas",56,84,15,0.4,NULL,NULL,0.4,1,8.1,5,0.3,NULL,485,13,0.12,0.17,NULL
"Tamarindo cru","Unidade média",10,"gramas",276,22,73,3.2,0.5,0.1,6.4,0,7.2,37,0.6,NULL,723,59,0.31,NULL,NULL
"Tangerina Poncã crua","Unidade média",135,"gramas",38,89,10,0.8,0.1,NULL,0.9,NULL,48.8,13,0.1,24,131,8,0.06,0.02,NULL
"Tangerina Poncã suco","Copo americano",200,"mililitros",36,90,9,0.5,NULL,NULL,NULL,NULL,41.8,4,NULL,26,119,6,0.06,NULL,NULL
"Tucumã cru","Colher de sopa",30,"gramas",262,51,26,2.1,19.1,4.7,12.7,4,18.0,46,0.6,1181,401,121,0.04,NULL,NULL
"Umbru cru","Unidade",8,"gramas",37,89,9,0.8,NULL,NULL,2.0,NULL,24.1,12,0.1,NULL,152,11,0.05,0.06,NULL
"Umbu polpa congelada","Sache ",100,"gramas",34,90,9,0.5,0.1,NULL,1.3,6,4.0,11,0.2,NULL,154,8,NULL,0.06,NULL
"Uva Itália crua","Unidade",8,"gramas",53,85,14,0.7,0.2,NULL,0.9,NULL,3.3,7,0.1,3,162,5,NULL,NULL,NULL
"Uva Rubi crua","Unidade",8,"gramas",49,86,13,0.6,0.2,NULL,0.9,8,1.9,8,0.2,NULL,159,6,0.02,0.02,NULL
"Uva suco concentrado envassado","Copo americano",200,"mililitros",58,85,15,NULL,NULL,NULL,0.2,10,21.0,9,0.1,NULL,54,7,0.07,0.02,NULL
"Azeite de dendê","Colher de sopa",8,"mililitros",884,NULL,NULL,NULL,100.0,43.1,NULL,NULL,NULL,NULL,NULL,NULL,NULL,NULL,NULL,NULL,NULL
"Azeite de oliva extra virgem","Colher de sopa",8,"mililitros",884,NULL,NULL,NULL,100.0,14.9,NULL,NULL,NULL,NULL,NULL,NULL,NULL,NULL,NULL,NULL,NULL
"Manteiga com sal","Colher de sopa",32,"gramas",726,16,0,0.4,82.4,49.2,NULL,579,NULL,9,0.2,924,15,1,NULL,NULL,NULL
"Manteiga sem sal","Colher de sopa",32,"gramas",758,14,0,0.4,86.0,51.5,NULL,4,NULL,4,NULL,1013,5,1,NULL,NULL,NULL
"Margarina com óleo hidrogenado com sal","Colher de sopa",32,"gramas",596,32,0,NULL,67.4,14.9,NULL,894,NULL,6,0.1,462,21,1,NULL,NULL,NULL
"Margarina com óleo hidrogenado sem sal","Colher de sopa",32,"gramas",723,20,0,NULL,81.7,NULL,NULL,78,NULL,3,0.1,534,2,1,NULL,NULL,NULL
"Margarina com óleo interesterificado com sal","Colher de sopa",32,"gramas",594,32,0,NULL,67.2,21.9,NULL,561,NULL,5,NULL,385,15,1,NULL,NULL,NULL
"Margarina com óleo interesterificado sem sal","Colher de sopa",32,"gramas",593,33,0,NULL,67.1,20.9,NULL,33,NULL,5,0.1,245,5,1,NULL,NULL,NULL
"Óleo de babaçu","Colher de sopa",8,"gramas",884,NULL,NULL,NULL,100.0,50.9,NULL,NULL,NULL,NULL,NULL,NULL,NULL,NULL,NULL,NULL,NULL
"Óleo de canola ","Colher de sopa",8,"gramas",884,NULL,NULL,NULL,100.0,7.9,NULL,NULL,NULL,NULL,NULL,NULL,NULL,NULL,NULL,NULL,NULL
"Óleo de girassol","Colher de sopa",8,"gramas",884,NULL,NULL,NULL,100.0,10.8,NULL,NULL,NULL,NULL,NULL,NULL,NULL,NULL,NULL,NULL,NULL
"Óleo de milho","Colher de sopa",8,"gramas",884,NULL,NULL,NULL,100.0,15.2,NULL,NULL,NULL,NULL,NULL,NULL,NULL,NULL,NULL,NULL,NULL
"Óleo de pequi","Colher de sopa",8,"gramas",884,NULL,NULL,NULL,100.0,39.9,NULL,NULL,NULL,NULL,NULL,NULL,NULL,NULL,NULL,NULL,NULL
"Óleo de soja","Colher de sopa",8,"gramas",884,NULL,NULL,NULL,100.0,15.2,NULL,NULL,NULL,NULL,NULL,NULL,NULL,NULL,NULL,NULL,NULL
"Abadejo filé congelado assado","Filé médio",100,"gramas",112,74,0,23.5,1.2,0.6,NULL,334,NULL,23,0.5,NULL,156,20,NULL,NULL,0.44
"Abadejo filé congelado cozido","Filé médio",100,"gramas",91,80,0,19.3,0.9,0.4,NULL,189,NULL,17,0.3,NULL,146,16,NULL,NULL,NULL
"Abadejo filé congelado grelhado","Filé médio",100,"gramas",130,71,0,27.6,1.3,0.6,NULL,305,NULL,20,0.3,6,279,22,0.03,NULL,0.44
"Atum conserva em óleo","Colher de sopa",45,"gramas",166,65,0,26.2,6.0,1.0,NULL,362,NULL,7,1.2,NULL,280,29,0.15,0.03,3.17
"Atum freso cru","Posta",100,"gramas",118,73,0,25.7,0.9,0.5,NULL,30,NULL,7,1.3,20,308,32,NULL,0.04,5.94
"Bacalhau salgado cru","Colher de sopa",15,"gramas",136,48,0,29.0,1.3,0.6,NULL,13585,NULL,157,0.9,NULL,434,49,NULL,0.21,NULL
"Bacalhau salgado refogado","Colher de sopa",15,"gramas",140,66,1,24.0,3.6,0.9,NULL,1256,NULL,59,0.2,NULL,50,15,0.03,0.05,5.17
"Cação posta com carinha de trigo frita","Posta",100,"gramas",208,61,3,25.0,10.0,1.5,0.5,160,NULL,30,1.0,17,420,26,NULL,NULL,0.77
"Cação posta cozida","Posta",100,"gramas",116,76,0,25.6,0.7,0.2,NULL,115,NULL,10,0.3,12,249,21,NULL,0.04,9.77
"Camarão Rio Grande grande cozido","Unidade grande",30,"gramas",90,79,0,19.0,1.0,0.4,NULL,367,NULL,90,1.3,20,102,19,NULL,NULL,1.07
"Camarão Sete Barbas sem cabeça com casca frito","Unidade grande",30,"gramas",231,61,3,18.4,15.6,2.5,NULL,99,NULL,960,2.4,NULL,107,74,0.05,NULL,0.35
"Carangueijo cozido","Colher de sopa",20,"gramas",83,77,0,18.5,0.4,0.2,NULL,360,NULL,357,2.9,NULL,186,52,0.04,0.31,4.17
"Corimbatá assado","Filé médio",120,"gramas",261,60,0,19.9,19.6,4.8,NULL,40,NULL,22,1.0,NULL,326,24,0.13,0.06,2.70
"Corimbatá cozido","Filé médio",120,"gramas",239,65,0,20.1,16.9,4.5,NULL,37,NULL,65,0.6,NULL,254,23,NULL,NULL,2.09
"Corvina grande assada","Filé médio",120,"gramas",147,69,0,26.8,3.6,1.5,NULL,85,NULL,60,0.5,NULL,291,24,0.11,0.10,4.23
"Corvina grande cozida","Filé médio",120,"gramas",100,74,0,23.4,2.6,0.7,NULL,68,NULL,69,0.6,6,194,22,NULL,0.03,0.77
"Dourada de água doce fresca","Posta",100,"gramas",131,76,0,18.8,5.6,3.0,NULL,40,NULL,12,0.2,NULL,393,26,NULL,NULL,3.70
"Lambari congelado frito","Unidade média",25,"gramas",327,40,0,28.4,22.8,5.5,NULL,65,NULL,1881,0.8,9,331,66,0.25,0.03,8.93
"Lambari fresco cru","Unidade média",25,"gramas",152,72,0,15.7,9.4,3.4,NULL,41,NULL,590,0.6,NULL,207,32,NULL,0.03,1.86
"Manjuba com farinha de trigo frita","Unidade média",30,"gramas",344,41,10,23.5,22.6,5.5,0.4,37,NULL,763,3.0,30,319,47,0.05,0.07,0.79
"Manjuba frita","Unidade",30,"gramas",349,41,0,30.1,24.5,5.3,NULL,41,NULL,575,0.9,12,318,32,0.03,0.03,7.27
"Merluza filé assado","Filé médio",100,"gramas",122,71,0,26.6,0.9,0.2,NULL,120,NULL,36,0.4,NULL,364,20,0.05,NULL,7.97
"Merluza filé frito","Filé médio",100,"gramas",192,63,0,26.9,8.5,1.4,NULL,90,NULL,36,0.4,NULL,447,38,0.05,NULL,0.77
"Pescada branca crua","Pedaço médio",100,"gramas",111,80,0,16.3,4.6,0.8,NULL,76,NULL,16,0.2,3,261,19,NULL,0.04,0.60
"Pescada branca frita","Filé",100,"gramas",223,57,0,27.4,11.8,2.3,NULL,107,NULL,378,0.5,39,355,30,0.08,0.11,8.07
"Pescada filé com farinha de trigo frito","Filé",100,"gramas",283,53,5,21.4,19.1,2.2,NULL,91,NULL,26,0.9,18,216,28,NULL,0.03,0.60
"Pescada filé cru","Filé",100,"gramas",107,80,0,16.7,4.0,0.9,NULL,77,NULL,14,0.2,48,253,23,NULL,0.05,3.10
"Pescada filé frito","Filé",100,"gramas",154,67,0,28.6,3.6,1.0,NULL,115,NULL,10,0.3,4,249,21,0.14,NULL,8.87
"Pescada filé molho escabeche","Filé",100,"gramas",142,75,5,11.8,8.0,1.3,0.8,51,6.9,20,1.5,19,208,18,NULL,0.03,1.10
"Pescadinha crua","Filé",100,"gramas",76,81,0,15.5,1.1,0.3,NULL,120,NULL,332,0.5,NULL,304,34,0.08,NULL,6.60
"Pintado assado","Filé",120,"gramas",192,57,0,36.5,4.0,1.8,NULL,81,NULL,114,0.8,7,527,42,0.03,NULL,6.63
"Pintado cru","Filé",120,"gramas",91,80,0,18.6,1.3,0.6,NULL,43,NULL,12,0.2,NULL,294,24,NULL,NULL,4.95
"Pintado grelhado","Filé",120,"gramas",152,65,0,30.8,2.3,1.1,NULL,53,NULL,69,0.5,5,360,27,0.03,NULL,2.87
"Salmão filé com pele fresco grelhado","Filé",100,"gramas",229,61,0,23.9,14.0,3.1,NULL,85,NULL,29,0.5,NULL,384,28,0.13,0.06,5.35
"Salmão sem pele fresco grelhado","Filé",100,"gramas",243,58,0,26.1,14.5,3.6,NULL,96,NULL,15,0.4,NULL,518,38,0.23,0.03,6.30
"Sardinha assada","Unidade média",33,"gramas",164,60,0,32.2,3.0,1.7,NULL,74,NULL,438,1.3,NULL,574,51,0.06,NULL,5.83
"Sardinha conserva em óleo","Unidade média",33,"gramas",285,55,0,15.9,24.0,4.1,NULL,666,NULL,550,3.5,NULL,367,35,0.42,0.04,6.55
"Sardinha frita","Unidade média",33,"gramas",257,48,0,33.4,12.7,2.6,NULL,60,NULL,482,1.1,NULL,460,39,0.06,NULL,7.10
"Sardinha inteira crua","Unidade média",33,"gramas",114,77,0,21.1,2.7,1.7,NULL,60,NULL,167,1.3,NULL,312,29,NULL,0.07,7.70
"Tucunaré filé congelado cru","Pedaço médio",100,"gramas",88,80,0,18.0,1.2,0.6,NULL,57,NULL,19,0.3,NULL,288,26,NULL,0.05,0.90
"Apresuntado","Fatia",15,"gramas",129,74,3,13.5,6.7,1.9,NULL,943,NULL,23,0.9,NULL,270,15,0.62,0.04,0.70
"Calde de carne tablete","Unidade",23,"gramas",241,3,15,7.8,16.6,7.8,0.6,22180,NULL,129,NULL,NULL,218,22,0.70,0.07,NULL
"Caldo de galinha tablete","Unidade ",23,"gramas",251,3,11,6.3,20.4,9.4,11.8,22300,NULL,16,0.7,NULL,68,13,0.05,0.04,NULL
"Carne bovina acém moído cozido","Colher de sopa",25,"gramas",212,62,0,26.7,10.9,4.8,NULL,52,NULL,4,2.7,NULL,256,17,NULL,0.32,1.76
"Carne bovina acém sem gordura cozido","Colher de sopa",25,"gramas",215,60,0,27.3,10.9,5.5,NULL,56,NULL,7,2.4,NULL,254,14,NULL,0.04,1.63
"Carne bovina almôndegas cruas","Unidade média",50,"gramas",189,64,10,12.3,11.2,3.9,NULL,621,NULL,22,1.6,NULL,328,24,0.11,0.04,2.20
"Carne bovina almôndegas fritas","Unidade média",50,"gramas",272,48,14,18.2,15.8,4.2,NULL,1030,NULL,27,1.9,NULL,536,48,0.13,0.07,6.60
"Carne bovina bucho cozido","Pedaço médio",35,"gramas",133,74,0,21.6,4.5,2.4,NULL,38,NULL,13,0.6,NULL,70,7,NULL,NULL,2.18
"Carne bovina capa de contra-filé com gordura grelhada","Unidade média",100,"gramas",312,48,0,30.7,20.0,8.8,NULL,81,NULL,7,2.6,NULL,323,18,NULL,0.06,1.74
"Carne bovina capa de contra-filé sem gordura grelhada","Unidade média",100,"gramas",239,54,0,35.1,10.0,4.3,NULL,83,NULL,9,2.8,NULL,385,26,0.03,0.08,1.86
"Carne bovina charque cozido","Pedaço médio",35,"gramas",263,46,0,36.4,11.9,4.8,NULL,1443,NULL,15,3.5,NULL,90,13,0.05,0.07,1.50
"Carne bovina contra-filé à milanesa","Unidade média",100,"gramas",352,42,12,20.6,24.0,7.2,0.4,77,NULL,15,2.9,15,271,27,0.07,0.04,3.02
"Carne bovina contra-filé de costela grelhado","Pedaço médio",40,"gramas",275,52,0,29.9,16.3,8.8,NULL,51,NULL,4,2.8,NULL,383,24,NULL,0.19,2.75
"Carne bovina contra-filé com gordura grelhado","Bife",100,"gramas",278,52,0,32.4,15.5,7.4,NULL,57,NULL,4,2.4,NULL,352,19,NULL,0.18,4.91
"Carne bovina contra-filé sem gordura grelhado","Bife",100,"gramas",194,58,0,35.9,4.5,2.0,NULL,58,NULL,5,2.4,NULL,386,21,NULL,0.17,4.93
"Carne bovina costela assada","Pedaço médio",40,"gramas",373,43,0,28.8,27.7,11.8,NULL,92,NULL,28,2.2,NULL,270,20,NULL,0.08,0.56
"Carne bovina coxão duro sem gordura cozido","Bife",100,"gramas",217,59,0,31.9,8.9,3.5,NULL,41,NULL,4,1.7,2,252,14,NULL,NULL,3.26
"Carne bovina coxão mole sem gordura cozido","Bife",100,"gramas",219,58,0,32.4,8.9,4.3,NULL,44,NULL,4,2.6,2,239,13,NULL,NULL,4.09
"Carne bovina cupim assado","Fatia média",90,"gramas",330,48,0,28.6,23.0,5.5,NULL,72,NULL,8,2.7,NULL,321,18,NULL,0.08,2.16
"Carne bovina fígado grelhado","Bife médio",100,"gramas",225,55,4,29.9,9.0,4.7,NULL,82,NULL,6,5.8,14574,309,10,0.21,2.69,11.92
"Carne bovina filé mingnon sem gordura grelhado","Bife médio",100,"gramas",220,57,0,32.8,8.8,4.5,NULL,58,NULL,4,2.9,NULL,326,28,0.03,0.08,4.27
"Carne bovina flanco sem gordura cozido","Pedaço médio",35,"gramas",196,62,0,29.4,7.8,3.9,NULL,42,NULL,4,2.8,2,249,14,NULL,NULL,2.32
"Carne bovina fraldinha com gordura cozida","Pedaço médio",35,"gramas",338,50,0,24.2,26.0,12.1,NULL,39,NULL,3,2.0,NULL,207,14,NULL,0.05,1.61
"Carne bovina lagarto cozido","Pedaço médio",35,"gramas",222,58,0,32.9,9.1,3.9,NULL,48,NULL,4,1.9,3,254,13,NULL,NULL,2.55
"Carne bovina língua cozida","Pedaço médio",35,"gramas",315,53,0,21.4,24.8,11.2,NULL,59,NULL,6,2.1,NULL,175,12,NULL,0.08,1.83
"Carne bovina maminha grelhada","Fatia média",100,"gramas",153,65,0,30.7,2.4,9.7,NULL,58,NULL,4,2.4,NULL,386,21,NULL,0.04,1.46
"Carne bovina miolo de alcatra sem gordura grelhado","Bife médio",100,"gramas",241,52,0,31.9,11.6,5.1,NULL,52,NULL,5,3.2,NULL,385,26,0.03,0.05,4.66
"Carne bovina músculo sem gordura cozido","Pedaço médio ",35,"gramas",194,63,0,31.2,6.7,2.9,NULL,62,NULL,5,2.4,2,253,13,NULL,NULL,1.97
"Carne bovina paleta sem gordura cozida","Pedaço médio",35,"gramas",194,63,0,29.7,7.4,3.4,NULL,58,NULL,6,2.2,NULL,250,18,0.03,0.04,2.16
"Carne bovina patinho sem gordura grelhado","Bife médio",100,"gramas",219,55,0,35.9,7.3,3.1,NULL,60,NULL,5,3.0,NULL,421,27,0.04,0.03,3.01
"Carne bovina peito sem gordura cozido","Bife médio",100,"gramas",338,51,0,22.2,27.0,11.7,NULL,56,NULL,4,1.6,NULL,204,14,NULL,0.30,4.54
"Carne bovina picanha com gordura grelhada","Bife médio",100,"gramas",289,53,0,26.4,19.5,7.9,NULL,60,NULL,4,3.2,NULL,355,24,0.03,0.06,1.60
"Carne bovina picanha sem gordura grelhada","Bife médio ",100,"gramas",238,55,0,31.9,11.3,4.5,NULL,61,NULL,4,3.6,NULL,377,25,NULL,0.08,1.82
"Carne bovina seca cozida","Pedaço médio",65,"gramas",313,47,0,26.9,21.9,10.5,NULL,1943,NULL,13,1.9,NULL,86,12,NULL,0.06,2.32
"Coxinha de frango frita","Unidade pequena",10,"gramas",283,42,35,9.6,11.8,2.6,5.0,532,NULL,18,1.3,NULL,166,17,0.09,NULL,2.60
"Croquete de carne frito","Unidade",35,"gramas",347,39,18,16.9,22.7,5.1,NULL,916,NULL,18,2.3,NULL,313,30,0.14,0.04,4.77
"Empaga de frango pré-cozida assada","Unidade média",55,"gramas",358,28,47,6.9,15.6,NULL,2.2,525,NULL,16,1.2,NULL,138,18,0.12,NULL,NULL
"Empada de frango pré-cozida","Unidade média",55,"gramas",377,32,36,7.3,22.9,5.4,2.2,771,NULL,14,0.7,NULL,156,17,0.11,NULL,NULL
"Frango asa com pele crua","Unidade média",40,"gramas",213,67,0,18.1,15.1,4.4,NULL,96,NULL,11,0.6,10,211,23,0.11,0.04,2.58
"Frango coração grelhado","Unidade média",5,"gramas",207,64,1,22.4,12.1,3.5,NULL,128,NULL,8,6.5,NULL,243,20,0.20,0.19,9.70
"Frango coxa com pele assada","Unidade média ",40,"gramas",215,60,0,28.5,10.4,3.1,NULL,95,NULL,8,1.2,6,318,14,0.05,0.05,10.40
"Frango coxa sem pele cozida","Unidade média",40,"gramas",167,67,0,26.9,5.8,2.0,NULL,64,NULL,12,0.8,NULL,191,11,0.07,NULL,8.20
"Frango fígado ","Unidade",30,"gramas",106,78,0,17.6,3.5,1.3,NULL,82,NULL,6,9.5,3863,281,28,0.62,0.56,6.36
"Franfo filé à milanesa","Unidade média",100,"gramas",221,55,8,28.5,7.8,1.6,1.1,122,NULL,9,1.1,7,408,35,0.05,0.04,11.07
"Frango inteiro com pele cru","Unidade média",140,"gramas",226,67,0,16.4,17.3,5.2,NULL,63,NULL,6,0.6,7,217,24,0.08,0.03,3.28
"Frango peito com pele assado","Unidade média",180,"gramas",212,59,0,33.4,7.6,2.2,NULL,56,NULL,8,0.5,6,380,18,0.12,NULL,15.80
"Frango peito sem pele cozido","Unidade média",180,"gramas",163,66,0,31.5,3.2,1.1,NULL,36,NULL,6,0.3,NULL,231,14,0.10,NULL,7.60
"Frango peito sem pele grelhado","Unidade média",180,"gramas",159,64,0,32.0,2.5,0.9,NULL,50,NULL,5,0.3,NULL,387,18,0.11,NULL,24.83
"Frango sobrecoxa com pele assada","Unidade média",65,"gramas",260,55,0,28.7,15.2,4.2,NULL,96,NULL,11,1.2,8,323,15,0.10,0.05,11.20
"Frango sobrecoxa sem pele assada","Unidade média",65,"gramas",233,56,0,29.2,12.0,3.3,NULL,106,NULL,12,1.2,11,382,17,0.10,0.05,10.20
"Hambúrguer bovino frito","Unidade média",56,"gramas",258,52,6,20.0,17.0,5.9,NULL,1252,NULL,62,3.0,NULL,660,60,0.13,0.06,2.73
"Hambúrguer bovino grelhado","Unidade média",56,"gramas",210,59,11,13.2,12.4,5.1,NULL,1090,NULL,56,2.6,NULL,538,48,0.18,0.06,5.77
"Linguiça frango frita","Gomo",60,"gramas",245,60,0,18.3,18.5,5.0,NULL,1374,NULL,15,0.8,NULL,364,29,0.11,0.05,5.67
"Linguiça frango grelhada ","Gomo",60,"gramas",244,59,0,18.2,18.4,4.7,NULL,1351,NULL,14,0.7,NULL,356,21,0.12,0.04,5.97
"Linguiça porco frita","Gomo",60,"gramas",280,55,0,20.5,21.3,6.5,NULL,1432,NULL,8,0.9,NULL,409,18,0.41,0.07,5.83
"Linguiça porco grelhada","Gomo",60,"gramas",296,50,0,23.2,21.9,7.0,NULL,1456,NULL,8,1.0,NULL,427,19,0.40,0.07,6.60
"Mortadela","Fatia média",15,"gramas",269,56,6,12.0,21.6,6.1,NULL,1212,NULL,67,1.5,25,247,19,0.14,0.06,3.00
"Cação posta com carinha de trigo frita","Posta",100,"gramas",208,61,3,25.0,10.0,1.5,0.5,160,NULL,30,1.0,17,420,26,NULL,NULL,0.77
"Cação posta cozida","Posta",100,"gramas",116,76,0,25.6,0.7,0.2,NULL,115,NULL,10,0.3,12,249,21,NULL,0.04,9.77
"Camarão Rio Grande grande cozido","Unidade grande",30,"gramas",90,79,0,19.0,1.0,0.4,NULL,367,NULL,90,1.3,20,102,19,NULL,NULL,1.07
"Camarão Sete Barbas sem cabeça com casca frito","Unidade grande",30,"gramas",231,61,3,18.4,15.6,2.5,NULL,99,NULL,960,2.4,NULL,107,74,0.05,NULL,0.35
"Carangueijo cozido","Colher de sopa",20,"gramas",83,77,0,18.5,0.4,0.2,NULL,360,NULL,357,2.9,NULL,186,52,0.04,0.31,4.17
"Corimbatá assado","Filé médio",120,"gramas",261,60,0,19.9,19.6,4.8,NULL,40,NULL,22,1.0,NULL,326,24,0.13,0.06,2.70
"Corimbatá cozido","Filé médio",120,"gramas",239,65,0,20.1,16.9,4.5,NULL,37,NULL,65,0.6,NULL,254,23,NULL,NULL,2.09
"Corvina grande assada","Filé médio",120,"gramas",147,69,0,26.8,3.6,1.5,NULL,85,NULL,60,0.5,NULL,291,24,0.11,0.10,4.23
"Corvina grande cozida","Filé médio",120,"gramas",100,74,0,23.4,2.6,0.7,NULL,68,NULL,69,0.6,6,194,22,NULL,0.03,0.77
"Dourada de água doce fresca","Posta",100,"gramas",131,76,0,18.8,5.6,3.0,NULL,40,NULL,12,0.2,NULL,393,26,NULL,NULL,3.70
"Lambari congelado frito","Unidade média",25,"gramas",327,40,0,28.4,22.8,5.5,NULL,65,NULL,1881,0.8,9,331,66,0.25,0.03,8.93
"Lambari fresco cru","Unidade média",25,"gramas",152,72,0,15.7,9.4,3.4,NULL,41,NULL,590,0.6,NULL,207,32,NULL,0.03,1.86
"Manjuba com farinha de trigo frita","Unidade média",30,"gramas",344,41,10,23.5,22.6,5.5,0.4,37,NULL,763,3.0,30,319,47,0.05,0.07,0.79
"Manjuba frita","Unidade",30,"gramas",349,41,0,30.1,24.5,5.3,NULL,41,NULL,575,0.9,12,318,32,0.03,0.03,7.27
"Merluza filé assado","Filé médio",100,"gramas",122,71,0,26.6,0.9,0.2,NULL,120,NULL,36,0.4,NULL,364,20,0.05,NULL,7.97
"Merluza filé cru","Filé médio",100,"gramas",89,82,0,16.6,2.0,0.9,NULL,80,NULL,20,0.2,NULL,340,27,NULL,NULL,1.34
"Merluza filé frito","Filé médio",100,"gramas",192,63,0,26.9,8.5,1.4,NULL,90,NULL,36,0.4,NULL,447,38,0.05,NULL,0.77
"Pescada branca crua","Pedaço médio",100,"gramas",111,80,0,16.3,4.6,0.8,NULL,76,NULL,16,0.2,3,261,19,NULL,0.04,0.60
"Pescada branca frita","Filé",100,"gramas",223,57,0,27.4,11.8,2.3,NULL,107,NULL,378,0.5,39,355,30,0.08,0.11,8.07
"Pescada filé com farinha de trigo frito","Filé",100,"gramas",283,53,5,21.4,19.1,2.2,NULL,91,NULL,26,0.9,18,216,28,NULL,0.03,0.60
"Pescada filé cru","Filé",100,"gramas",107,80,0,16.7,4.0,0.9,NULL,77,NULL,14,0.2,48,253,23,NULL,0.05,3.10
"Pescada filé frito","Filé",100,"gramas",154,67,0,28.6,3.6,1.0,NULL,115,NULL,10,0.3,4,249,21,0.14,NULL,8.87
"Pescada filé molho escabeche","Filé",100,"gramas",142,75,5,11.8,8.0,1.3,0.8,51,6.9,20,1.5,19,208,18,NULL,0.03,1.10
"Pescadinha crua","Filé",100,"gramas",76,81,0,15.5,1.1,0.3,NULL,120,NULL,332,0.5,NULL,304,34,0.08,NULL,6.60
"Pintado assado","Filé",120,"gramas",192,57,0,36.5,4.0,1.8,NULL,81,NULL,114,0.8,7,527,42,0.03,NULL,6.63
"Pintado cru","Filé",120,"gramas",91,80,0,18.6,1.3,0.6,NULL,43,NULL,12,0.2,NULL,294,24,NULL,NULL,4.95
"Pintado grelhado","Filé",120,"gramas",152,65,0,30.8,2.3,1.1,NULL,53,NULL,69,0.5,5,360,27,0.03,NULL,2.87
"Porquinho cru","Filé",100,"gramas",93,79,0,20.5,0.6,0.4,NULL,67,NULL,26,0.4,5,313,24,NULL,NULL,1.19
"Salmão filé com pele fresco grelhado","Filé",100,"gramas",229,61,0,23.9,14.0,3.1,NULL,85,NULL,29,0.5,NULL,384,28,0.13,0.06,5.35
"Salmão sem pele fresco cru","Filé",100,"gramas",170,69,0,19.3,9.7,2.5,NULL,64,NULL,9,0.2,NULL,376,27,0.20,0.03,3.21
"Salmão sem pele fresco grelhado","Filé",100,"gramas",243,58,0,26.1,14.5,3.6,NULL,96,NULL,15,0.4,NULL,518,38,0.23,0.03,6.30
"Sardinha assada","Unidade média",33,"gramas",164,60,0,32.2,3.0,1.7,NULL,74,NULL,438,1.3,NULL,574,51,0.06,NULL,5.83
"Sardinha conserva em óleo","Unidade média",33,"gramas",285,55,0,15.9,24.0,4.1,NULL,666,NULL,550,3.5,NULL,367,35,0.42,0.04,6.55
"Sardinha frita","Unidade média",33,"gramas",257,48,0,33.4,12.7,2.6,NULL,60,NULL,482,1.1,NULL,460,39,0.06,NULL,7.10
"Sardinha inteira crua","Unidade média",33,"gramas",114,77,0,21.1,2.7,1.7,NULL,60,NULL,167,1.3,NULL,312,29,NULL,0.07,7.70
"Tucunaré filé congelado cru","Pedaço médio",100,"gramas",88,80,0,18.0,1.2,0.6,NULL,57,NULL,19,0.3,NULL,288,26,NULL,0.05,0.90
"Apresuntado","Fatia",15,"gramas",129,74,3,13.5,6.7,1.9,NULL,943,NULL,23,0.9,NULL,270,15,0.62,0.04,0.70
"Calde de carne tablete","Unidade",23,"gramas",241,3,15,7.8,16.6,7.8,0.6,22180,NULL,129,NULL,NULL,218,22,0.70,0.07,NULL
"Caldo de galinha tablete","Unidade ",23,"gramas",251,3,11,6.3,20.4,9.4,11.8,22300,NULL,16,0.7,NULL,68,13,0.05,0.04,NULL
"Carne bovina acém moído cozido","Colher de sopa",25,"gramas",212,62,0,26.7,10.9,4.8,NULL,52,NULL,4,2.7,NULL,256,17,NULL,0.32,1.76
"Carne bovina acém sem gordura cozido","Colher de sopa",25,"gramas",215,60,0,27.3,10.9,5.5,NULL,56,NULL,7,2.4,NULL,254,14,NULL,0.04,1.63
"Carne bovina almôndegas cruas","Unidade média",50,"gramas",189,64,10,12.3,11.2,3.9,NULL,621,NULL,22,1.6,NULL,328,24,0.11,0.04,2.20
"Carne bovina almôndegas fritas","Unidade média",50,"gramas",272,48,14,18.2,15.8,4.2,NULL,1030,NULL,27,1.9,NULL,536,48,0.13,0.07,6.60
"Carne bovina bucho cozido","Pedaço médio",35,"gramas",133,74,0,21.6,4.5,2.4,NULL,38,NULL,13,0.6,NULL,70,7,NULL,NULL,2.18
"Carne bovina capa de contra-filé com gordura grelhada","Unidade média",100,"gramas",312,48,0,30.7,20.0,8.8,NULL,81,NULL,7,2.6,NULL,323,18,NULL,0.06,1.74
"Carne bovina capa de contra-filé sem gordura grelhada","Unidade média",100,"gramas",239,54,0,35.1,10.0,4.3,NULL,83,NULL,9,2.8,NULL,385,26,0.03,0.08,1.86
"Carne bovina charque cozido","Pedaço médio",35,"gramas",263,46,0,36.4,11.9,4.8,NULL,1443,NULL,15,3.5,NULL,90,13,0.05,0.07,1.50
"Carne bovina contra-filé à milanesa","Unidade média",100,"gramas",352,42,12,20.6,24.0,7.2,0.4,77,NULL,15,2.9,15,271,27,0.07,0.04,3.02
"Carne bovina contra-filé de costela grelhado","Pedaço médio",40,"gramas",275,52,0,29.9,16.3,8.8,NULL,51,NULL,4,2.8,NULL,383,24,NULL,0.19,2.75
"Carne bovina contra-filé com gordura grelhado","Bife",100,"gramas",278,52,0,32.4,15.5,7.4,NULL,57,NULL,4,2.4,NULL,352,19,NULL,0.18,4.91
"Carne bovina contra-filé sem gordura grelhado","Bife",100,"gramas",194,58,0,35.9,4.5,2.0,NULL,58,NULL,5,2.4,NULL,386,21,NULL,0.17,4.93
"Carne bovina costela assada","Pedaço médio",40,"gramas",373,43,0,28.8,27.7,11.8,NULL,92,NULL,28,2.2,NULL,270,20,NULL,0.08,0.56
"Carne bovina coxão duro sem gordura cozido","Bife",100,"gramas",217,59,0,31.9,8.9,3.5,NULL,41,NULL,4,1.7,2,252,14,NULL,NULL,3.26
"Carne bovina coxão mole sem gordura cozido","Bife",100,"gramas",219,58,0,32.4,8.9,4.3,NULL,44,NULL,4,2.6,2,239,13,NULL,NULL,4.09
"Carne bovina cupim assado","Fatia média",90,"gramas",330,48,0,28.6,23.0,5.5,NULL,72,NULL,8,2.7,NULL,321,18,NULL,0.08,2.16
"Carne bovina fígado grelhado","Bife médio",100,"gramas",225,55,4,29.9,9.0,4.7,NULL,82,NULL,6,5.8,14574,309,10,0.21,2.69,11.92
"Carne bovina filé mingnon sem gordura grelhado","Bife médio",100,"gramas",220,57,0,32.8,8.8,4.5,NULL,58,NULL,4,2.9,NULL,326,28,0.03,0.08,4.27
"Carne bovina flanco sem gordura cozido","Pedaço médio",35,"gramas",196,62,0,29.4,7.8,3.9,NULL,42,NULL,4,2.8,2,249,14,NULL,NULL,2.32
"Carne bovina fraldinha com gordura cozida","Pedaço médio",35,"gramas",338,50,0,24.2,26.0,12.1,NULL,39,NULL,3,2.0,NULL,207,14,NULL,0.05,1.61
"Carne bovina lagarto cozido","Pedaço médio",35,"gramas",222,58,0,32.9,9.1,3.9,NULL,48,NULL,4,1.9,3,254,13,NULL,NULL,2.55
"Carne bovina língua cozida","Pedaço médio",35,"gramas",315,53,0,21.4,24.8,11.2,NULL,59,NULL,6,2.1,NULL,175,12,NULL,0.08,1.83
"Carne bovina maminha grelhada","Fatia média",100,"gramas",153,65,0,30.7,2.4,9.7,NULL,58,NULL,4,2.4,NULL,386,21,NULL,0.04,1.46
"Carne bovina miolo de alcatra sem gordura grelhado","Bife médio",100,"gramas",241,52,0,31.9,11.6,5.1,NULL,52,NULL,5,3.2,NULL,385,26,0.03,0.05,4.66
"Carne bovina músculo sem gordura cozido","Pedaço médio ",35,"gramas",194,63,0,31.2,6.7,2.9,NULL,62,NULL,5,2.4,2,253,13,NULL,NULL,1.97
"Carne bovina paleta sem gordura cozida","Pedaço médio",35,"gramas",194,63,0,29.7,7.4,3.4,NULL,58,NULL,6,2.2,NULL,250,18,0.03,0.04,2.16
"Carne bovina patinho sem gordura grelhado","Bife médio",100,"gramas",219,55,0,35.9,7.3,3.1,NULL,60,NULL,5,3.0,NULL,421,27,0.04,0.03,3.01
"Carne bovina peito sem gordura cozido","Bife médio",100,"gramas",338,51,0,22.2,27.0,11.7,NULL,56,NULL,4,1.6,NULL,204,14,NULL,0.30,4.54
"Carne bovina picanha com gordura grelhada","Bife médio",100,"gramas",289,53,0,26.4,19.5,7.9,NULL,60,NULL,4,3.2,NULL,355,24,0.03,0.06,1.60
"Carne bovina picanha sem gordura grelhada","Bife médio ",100,"gramas",238,55,0,31.9,11.3,4.5,NULL,61,NULL,4,3.6,NULL,377,25,NULL,0.08,1.82
"Carne bovina seca cozida","Pedaço médio",65,"gramas",313,47,0,26.9,21.9,10.5,NULL,1943,NULL,13,1.9,NULL,86,12,NULL,0.06,2.32
"Coxinha de frango frita","Unidade pequena",10,"gramas",283,42,35,9.6,11.8,2.6,5.0,532,NULL,18,1.3,NULL,166,17,0.09,NULL,2.60
"Croquete de carne frito","Unidade",35,"gramas",347,39,18,16.9,22.7,5.1,NULL,916,NULL,18,2.3,NULL,313,30,0.14,0.04,4.77
"Empaga de frango pré-cozida assada","Unidade média",55,"gramas",358,28,47,6.9,15.6,NULL,2.2,525,NULL,16,1.2,NULL,138,18,0.12,NULL,NULL
"Empada de frango pré-cozida","Unidade média",55,"gramas",377,32,36,7.3,22.9,5.4,2.2,771,NULL,14,0.7,NULL,156,17,0.11,NULL,NULL
"Frango asa com pele crua","Unidade média",40,"gramas",213,67,0,18.1,15.1,4.4,NULL,96,NULL,11,0.6,10,211,23,0.11,0.04,2.58
"Frango coração grelhado","Unidade média",5,"gramas",207,64,1,22.4,12.1,3.5,NULL,128,NULL,8,6.5,NULL,243,20,0.20,0.19,9.70
"Frango coxa com pele assada","Unidade média ",40,"gramas",215,60,0,28.5,10.4,3.1,NULL,95,NULL,8,1.2,6,318,14,0.05,0.05,10.40
"Frango coxa sem pele cozida","Unidade média",40,"gramas",167,67,0,26.9,5.8,2.0,NULL,64,NULL,12,0.8,NULL,191,11,0.07,NULL,8.20
"Cação posta com carinha de trigo frita com sal","Posta",100,"gramas",208,61,3,25.0,10.0,1.5,0.5,600,NULL,30,1.0,17,420,26,NULL,NULL,0.77
"Cação posta cozida com sal","Posta",100,"gramas",116,76,0,25.6,0.7,0.2,NULL,600,NULL,10,0.3,12,249,21,NULL,0.04,9.77
"Camarão Rio Grande grande cozido com sal","Unidade grande",30,"gramas",90,79,0,19.0,1.0,0.4,NULL,600,NULL,90,1.3,20,102,19,NULL,NULL,1.07
"Camarão Sete Barbas sem cabeça com casca frito com sal","Unidade grande",30,"gramas",231,61,3,18.4,15.6,2.5,NULL,600,NULL,960,2.4,NULL,107,74,0.05,NULL,0.35
"Carangueijo cozido com sal","Colher de sopa",20,"gramas",83,77,0,18.5,0.4,0.2,NULL,600,NULL,357,2.9,NULL,186,52,0.04,0.31,4.17
"Corimbatá assado com sal","Filé médio",120,"gramas",261,60,0,19.9,19.6,4.8,NULL,600,NULL,22,1.0,NULL,326,24,0.13,0.06,2.70
"Corimbatá cozido com sal","Filé médio",120,"gramas",239,65,0,20.1,16.9,4.5,NULL,600,NULL,65,0.6,NULL,254,23,NULL,NULL,2.09
"Corvina grande assada com sal","Filé médio",120,"gramas",147,69,0,26.8,3.6,1.5,NULL,600,NULL,60,0.5,NULL,291,24,0.11,0.10,4.23
"Corvina grande cozida com sal","Filé médio",120,"gramas",100,74,0,23.4,2.6,0.7,NULL,600,NULL,69,0.6,6,194,22,NULL,0.03,0.77
"Dourada de água doce fresca com sal","Posta",100,"gramas",131,76,0,18.8,5.6,3.0,NULL,600,NULL,12,0.2,NULL,393,26,NULL,NULL,3.70
"Lambari congelado frito com sal","Unidade média",25,"gramas",327,40,0,28.4,22.8,5.5,NULL,600,NULL,1881,0.8,9,331,66,0.25,0.03,8.93
"Manjuba com farinha de trigo frita com sal","Unidade média",30,"gramas",344,41,10,23.5,22.6,5.5,0.4,600,NULL,763,3.0,30,319,47,0.05,0.07,0.79
"Manjuba frita com sal","Unidade",30,"gramas",349,41,0,30.1,24.5,5.3,NULL,600,NULL,575,0.9,12,318,32,0.03,0.03,7.27
"Merluza filé assado com sal","Filé médio",100,"gramas",122,71,0,26.6,0.9,0.2,NULL,600,NULL,36,0.4,NULL,364,20,0.05,NULL,7.97
"Merluza filé frito com sal","Filé médio",100,"gramas",192,63,0,26.9,8.5,1.4,NULL,600,NULL,36,0.4,NULL,447,38,0.05,NULL,0.77
"Pescada branca frita com sal","Filé",100,"gramas",223,57,0,27.4,11.8,2.3,NULL,600,NULL,378,0.5,39,355,30,0.08,0.11,8.07
"Pescada filé com farinha de trigo frito com sal","Filé",100,"gramas",283,53,5,21.4,19.1,2.2,NULL,600,NULL,26,0.9,18,216,28,NULL,0.03,0.60
"Pescada filé cru com sal","Filé",100,"gramas",107,80,0,16.7,4.0,0.9,NULL,600,NULL,14,0.2,48,253,23,NULL,0.05,3.10
"Pescada filé frito com sal","Filé",100,"gramas",154,67,0,28.6,3.6,1.0,NULL,600,NULL,10,0.3,4,249,21,0.14,NULL,8.87
"Pescada filé molho escabeche com sal","Filé",100,"gramas",142,75,5,11.8,8.0,1.3,0.8,600,6.9,20,1.5,19,208,18,NULL,0.03,1.10
"Pintado assado com sal","Filé",120,"gramas",192,57,0,36.5,4.0,1.8,NULL,600,NULL,114,0.8,7,527,42,0.03,NULL,6.63
"Pintado grelhado com sal","Filé",120,"gramas",152,65,0,30.8,2.3,1.1,NULL,600,NULL,69,0.5,5,360,27,0.03,NULL,2.87
"Salmão sem pele fresco grelhado com sal","Filé",100,"gramas",243,58,0,26.1,14.5,3.6,NULL,600,NULL,15,0.4,NULL,518,38,0.23,0.03,6.30
"Sardinha assada com sal","Unidade média",33,"gramas",164,60,0,32.2,3.0,1.7,NULL,600,NULL,438,1.3,NULL,574,51,0.06,NULL,5.83
"Sardinha frita com sal","Unidade média",33,"gramas",257,48,0,33.4,12.7,2.6,NULL,700,NULL,482,1.1,NULL,460,39,0.06,NULL,7.10
"Sardinha inteira crua com sal","Unidade média",33,"gramas",114,77,0,21.1,2.7,1.7,NULL,700,NULL,167,1.3,NULL,312,29,NULL,0.07,7.70
"Tucunaré filé congelado cru com sal","Pedaço médio",100,"gramas",88,80,0,18.0,1.2,0.6,NULL,700,NULL,19,0.3,NULL,288,26,NULL,0.05,0.90
"Carne bovina acém moído cozido com sal","Colher de sopa",25,"gramas",212,62,0,26.7,10.9,4.8,NULL,600,NULL,4,2.7,NULL,256,17,NULL,0.32,1.76
"Carne bovina acém sem gordura cozido com sal","Colher de sopa",25,"gramas",215,60,0,27.3,10.9,5.5,NULL,600,NULL,7,2.4,NULL,254,14,NULL,0.04,1.63
"Carne bovina bucho cozido com sal","Pedaço médio",35,"gramas",133,74,0,21.6,4.5,2.4,NULL,600,NULL,13,0.6,NULL,70,7,NULL,NULL,2.18
"Carne bovina capa de contra-filé com gordura grelhada com sal","Unidade média",100,"gramas",312,48,0,30.7,20.0,8.8,NULL,600,NULL,7,2.6,NULL,323,18,NULL,0.06,1.74
"Carne bovina capa de contra-filé sem gordura grelhada com sal","Unidade média",100,"gramas",239,54,0,35.1,10.0,4.3,NULL,600,NULL,9,2.8,NULL,385,26,0.03,0.08,1.86
"Carne bovina contra-filé à milanesa com sal","Unidade média",100,"gramas",352,42,12,20.6,24.0,7.2,0.4,600,NULL,15,2.9,15,271,27,0.07,0.04,3.02
"Carne bovina contra-filé de costela grelhado com sal","Pedaço médio",40,"gramas",275,52,0,29.9,16.3,8.8,NULL,600,NULL,4,2.8,NULL,383,24,NULL,0.19,2.75
"Carne bovina contra-filé com gordura grelhado com sal","Bife",100,"gramas",278,52,0,32.4,15.5,7.4,NULL,600,NULL,4,2.4,NULL,352,19,NULL,0.18,4.91
"Carne bovina contra-filé sem gordura grelhado com sal","Bife",100,"gramas",194,58,0,35.9,4.5,2.0,NULL,600,NULL,5,2.4,NULL,386,21,NULL,0.17,4.93
"Carne bovina costela assada com sal","Pedaço médio",40,"gramas",373,43,0,28.8,27.7,11.8,NULL,600,NULL,28,2.2,NULL,270,20,NULL,0.08,0.56
"Carne bovina coxão duro sem gordura cozido com sal","Bife",100,"gramas",217,59,0,31.9,8.9,3.5,NULL,600,NULL,4,1.7,2,252,14,NULL,NULL,3.26
"Carne bovina coxão mole sem gordura cozido com sal","Bife",100,"gramas",219,58,0,32.4,8.9,4.3,NULL,600,NULL,4,2.6,2,239,13,NULL,NULL,4.09
"Carne bovina cupim assado com sal","Fatia média",90,"gramas",330,48,0,28.6,23.0,5.5,NULL,600,NULL,8,2.7,NULL,321,18,NULL,0.08,2.16
"Carne bovina fígado grelhado com sal","Bife médio",100,"gramas",225,55,4,29.9,9.0,4.7,NULL,600,NULL,6,5.8,14574,309,10,0.21,2.69,11.92
"Carne bovina filé mingnon sem gordura grelhado com sal","Bife médio",100,"gramas",220,57,0,32.8,8.8,4.5,NULL,600,NULL,4,2.9,NULL,326,28,0.03,0.08,4.27
"Carne bovina flanco sem gordura cozido com sal","Pedaço médio",35,"gramas",196,62,0,29.4,7.8,3.9,NULL,600,NULL,4,2.8,2,249,14,NULL,NULL,2.32
"Carne bovina fraldinha com gordura cozida com sal","Pedaço médio",35,"gramas",338,50,0,24.2,26.0,12.1,NULL,600,NULL,3,2.0,NULL,207,14,NULL,0.05,1.61
"Carne bovina lagarto cozido com sal","Pedaço médio",35,"gramas",222,58,0,32.9,9.1,3.9,NULL,600,NULL,4,1.9,3,254,13,NULL,NULL,2.55
"Carne bovina língua cozida com sal","Pedaço médio",35,"gramas",315,53,0,21.4,24.8,11.2,NULL,600,NULL,6,2.1,NULL,175,12,NULL,0.08,1.83
"Carne bovina maminha grelhada com sal","Fatia média",100,"gramas",153,65,0,30.7,2.4,9.7,NULL,600,NULL,4,2.4,NULL,386,21,NULL,0.04,1.46
"Carne bovina miolo de alcatra sem gordura grelhado com sal","Bife médio",100,"gramas",241,52,0,31.9,11.6,5.1,NULL,600,NULL,5,3.2,NULL,385,26,0.03,0.05,4.66
"Carne bovina músculo sem gordura cozido com sal","Pedaço médio ",35,"gramas",194,63,0,31.2,6.7,2.9,NULL,600,NULL,5,2.4,2,253,13,NULL,NULL,1.97
"Carne bovina paleta sem gordura cozida com sal","Pedaço médio",35,"gramas",194,63,0,29.7,7.4,3.4,NULL,600,NULL,6,2.2,NULL,250,18,0.03,0.04,2.16
"Carne bovina patinho sem gordura grelhado com sal","Bife médio",100,"gramas",219,55,0,35.9,7.3,3.1,NULL,600,NULL,5,3.0,NULL,421,27,0.04,0.03,3.01
"Carne bovina peito sem gordura cozido com sal","Bife médio",100,"gramas",338,51,0,22.2,27.0,11.7,NULL,600,NULL,4,1.6,NULL,204,14,NULL,0.30,4.54
"Carne bovina picanha com gordura grelhada com sal","Bife médio",100,"gramas",289,53,0,26.4,19.5,7.9,NULL,600,NULL,4,3.2,NULL,355,24,0.03,0.06,1.60
"Carne bovina picanha sem gordura grelhada com sal","Bife médio ",100,"gramas",238,55,0,31.9,11.3,4.5,NULL,600,NULL,4,3.6,NULL,377,25,NULL,0.08,1.82
"Frango coração grelhado com sal","Unidade média",5,"gramas",207,64,1,22.4,12.1,3.5,NULL,600,NULL,8,6.5,NULL,243,20,0.20,0.19,9.70
"Frango coxa com pele assada com sal","Unidade média ",40,"gramas",215,60,0,28.5,10.4,3.1,NULL,600,NULL,8,1.2,6,318,14,0.05,0.05,10.40
"Frango coxa sem pele cozida com sal","Unidade média",40,"gramas",167,67,0,26.9,5.8,2.0,NULL,600,NULL,12,0.8,NULL,191,11,0.07,NULL,8.20
"Frango fígado  com sal","Unidade",30,"gramas",106,78,0,17.6,3.5,1.3,NULL,600,NULL,6,9.5,3863,281,28,0.62,0.56,6.36
"Franfo filé à milanesa com sal","Unidade média",100,"gramas",221,55,8,28.5,7.8,1.6,1.1,600,NULL,9,1.1,7,408,35,0.05,0.04,11.07
"Frango peito com pele assado com sal","Unidade média",180,"gramas",212,59,0,33.4,7.6,2.2,NULL,600,NULL,8,0.5,6,380,18,0.12,NULL,15.80
"Frango peito sem pele cozido com sal","Unidade média",180,"gramas",163,66,0,31.5,3.2,1.1,NULL,600,NULL,6,0.3,NULL,231,14,0.10,NULL,7.60
"Frango peito sem pele grelhado com sal","Unidade média",180,"gramas",159,64,0,32.0,2.5,0.9,NULL,600,NULL,5,0.3,NULL,387,18,0.11,NULL,24.83
"Frango sobrecoxa com pele assada com sal","Unidade média",65,"gramas",260,55,0,28.7,15.2,4.2,NULL,600,NULL,11,1.2,8,323,15,0.10,0.05,11.20
"Frango sobrecoxa sem pele assada com sal","Unidade média",65,"gramas",233,56,0,29.2,12.0,3.3,NULL,600,NULL,12,1.2,11,382,17,0.10,0.05,10.20
"Peru congelado assado","Pedaço médio",100,"gramas",163,65,0,26.2,5.7,1.6,NULL,628,NULL,14,0.6,NULL,175,12,0.06,NULL,6.23
"Porco bisteca frita com sal","Unidade média",100,"gramas",311,47,0,33.7,18.5,6.0,NULL,63,NULL,69,0.8,10,404,29,0.34,NULL,3.25
"Porco bisteca grelhada com sal","Unidade média",100,"gramas",280,52,0,28.9,17.4,7.5,NULL,51,NULL,34,0.9,NULL,366,25,0.77,0.14,1.92
"Porco costela assada com sal","Unidade média",115,"gramas",402,37,0,30.2,30.3,11.8,NULL,63,NULL,17,1.0,NULL,246,14,0.71,0.05,10.63
"Porco lombo assado com sal","Fatia",100,"gramas",210,57,0,35.7,6.4,2.6,NULL,39,NULL,20,0.5,NULL,311,18,0.75,0.07,12.43
"Porco orelha salgada","Pedaço médio",50,"gramas",258,60,0,18.5,19.9,7.3,NULL,616,NULL,5,1.4,NULL,228,2,0.07,0.03,NULL
"Porco pernil assado","Fatia",100,"gramas",262,49,0,32.1,13.9,4.8,NULL,62,NULL,18,1.3,NULL,395,27,0.77,0.09,6.57
"Porco bisteca frita com sal","Unidade média",100,"gramas",311,47,0,33.7,18.5,6.0,NULL,500,NULL,69,0.8,10,404,29,0.34,NULL,3.25
"Porco bisteca grelhada com sal","Unidade média",100,"gramas",280,52,0,28.9,17.4,7.5,NULL,500,NULL,34,0.9,NULL,366,25,0.77,0.14,1.92
"Porco costela assada com sal","Unidade média",115,"gramas",402,37,0,30.2,30.3,11.8,NULL,500,NULL,17,1.0,NULL,246,14,0.71,0.05,10.63
"Porco lombo assado com sal","Fatia",100,"gramas",210,57,0,35.7,6.4,2.6,NULL,500,NULL,20,0.5,NULL,311,18,0.75,0.07,12.43
"Porco pernil assado com sal","Fatia",100,"gramas",262,49,0,32.1,13.9,4.8,NULL,500,NULL,18,1.3,NULL,395,27,0.77,0.09,6.57
"Porco rabo salgado cru","Unidade",35,"gramas",377,44,0,15.6,34.5,11.6,NULL,1158,NULL,22,0.6,NULL,24,4,0.20,0.06,1.43
"Presunto com capa de gordura","Fatia média",15,"gramas",128,74,1,14.4,6.8,1.9,NULL,1021,NULL,12,0.7,NULL,295,17,0.62,0.03,3.78
"Presunto sem capa de gordura","Fatia média",15,"gramas",94,77,2,14.3,2.7,0.9,NULL,1039,NULL,23,0.8,NULL,307,18,0.50,0.03,4.00
"Quibe assado","Unidade média",50,"gramas",136,69,13,14.6,2.7,1.2,1.9,40,NULL,16,2.2,NULL,288,36,0.04,0.04,1.81
"Quibe cru","Unidade média",50,"gramas",109,75,11,12.4,1.7,0.7,1.6,39,NULL,12,1.7,NULL,242,26,0.09,0.03,1.20
"Quibe assado com sal","Unidade média",50,"gramas",136,69,13,14.6,2.7,1.2,1.9,500,NULL,16,2.2,NULL,288,36,0.04,0.04,1.81
"Quibe cru com sal","Unidade média",50,"gramas",109,75,11,12.4,1.7,0.7,1.6,500,NULL,12,1.7,NULL,242,26,0.09,0.03,1.20
"Toucinho cru","Fatia",15,"gramas",593,28,0,11.5,60.3,17.7,NULL,50,NULL,2,0.4,NULL,58,4,NULL,NULL,5.10
"Toucinho frito","Fatia",15,"gramas",697,6,0,27.3,64.3,20.0,NULL,125,NULL,9,0.9,NULL,171,9,NULL,NULL,5.03
"Toucinho frito com sal","Fatia",15,"gramas",697,6,0,27.3,64.3,20.0,NULL,500,NULL,9,0.9,NULL,171,9,NULL,NULL,5.03
"Bebida láctea pêssego","Copo duplo cheio",240,"mililitros",55,88,8,2.1,1.9,1.1,0.3,46,2.1,89,NULL,NULL,62,9,0.03,0.14,0.33
"Creme de Leite","Colher de sopa",15,"gramas",221,71,5,1.5,22.5,11.8,NULL,52,NULL,83,0.3,128,119,8,NULL,0.10,0.00
"Iogurte natural","Copo duplo cheio",240,"mililitros",51,90,2,4.1,3.0,1.8,NULL,52,0.9,143,NULL,23,71,11,0.04,0.22,NULL
"Iogurte natural desnatado","Copo duplo cheio",240,"mililitros",41,89,6,3.8,0.3,0.2,NULL,60,0.3,157,NULL,NULL,182,12,NULL,0.22,NULL
"Iogurte sabor morango","Copo duplo cheio",240,"mililitros",70,85,10,2.7,2.3,1.4,0.2,38,NULL,101,NULL,27,52,8,0.03,0.12,NULL
"Iogurte sabor pêssego","Copo duplo cheio",240,"mililitros",68,85,9,2.5,2.3,1.4,0.7,37,NULL,95,0.1,21,52,8,0.02,0.10,0.38
"Leite condensado","Colher de sopa",15,"gramas",313,27,57,7.7,6.7,4.2,NULL,94,2.1,246,0.1,53,329,22,0.06,0.33,NULL
"Leite de cabra","Copo duplo cheio",240,"mililitros",66,87,5,3.1,3.8,2.4,NULL,74,NULL,112,0.1,35,140,10,NULL,0.14,NULL
"Leite de vaca achocolatado","Copo duplo cheio",240,"mililitros",83,81,14,2.1,2.2,1.1,0.6,72,3.3,70,0.5,39,155,13,0.07,0.29,1.23
"Leite de vaca desnatado pó","Copo duplo cheio",240,"mililitros",362,3,53,34.7,0.9,0.6,NULL,432,NULL,1363,0.9,299,1556,109,0.32,1.20,0.81
"Leite de vaca desnatado UHT","Copo duplo cheio",240,"mililitros",34,91,5,3.5,0.0,NULL,NULL,51,NULL,134,NULL,NULL,140,10,0.04,0.26,1.49
"Leite de vaca integral","Copo duplo cheio",240,"mililitros",61,88,5,3.5,3.0,1.4,NULL,64,NULL,123,NULL,21,133,10,0.04,0.24,1.52
"Leite de vaca intageral pó","Copo duplo cheio",240,"mililitros",497,3,39,25.4,26.9,16.3,NULL,323,NULL,890,0.5,361,1132,77,0.24,1.03,NULL
"Leite fermentado","Copo duplo cheio",240,"mililitros",70,82,16,1.9,0.1,NULL,NULL,33,0.5,72,NULL,NULL,94,6,0.08,0.11,NULL
"Queijo minas frescal","Fatia média",30,"gramas",264,56,3,17.4,20.2,11.4,NULL,310,NULL,579,0.9,161,105,7,NULL,0.25,NULL
"Queijo minas meia cura","Fatia média",30,"gramas",321,47,4,21.2,24.6,13.2,NULL,501,NULL,696,0.2,111,120,27,0.03,0.32,NULL
"Queijo mozarela","Fatia média",15,"gramas",330,45,3,22.6,25.2,14.2,NULL,581,NULL,875,0.3,109,62,24,NULL,0.20,NULL
"Queijo parmesão","Colher de sopa",15,"gramas",453,21,2,35.6,33.5,19.7,NULL,1844,NULL,992,0.5,66,96,33,NULL,0.44,NULL
"Queijo pasteurizado","Fatia média",30,"gramas",303,54,6,9.4,27.4,15.9,NULL,780,NULL,323,0.3,57,194,16,NULL,0.20,NULL
"Queijo petit suisse morango","Unidade",45,"gramas",121,72,18,5.8,2.8,1.6,NULL,412,NULL,731,0.1,273,121,27,0.22,0.27,2.68
"Queijo prato","Fatia média",30,"gramas",360,42,2,22.7,29.1,16.3,NULL,580,NULL,940,0.3,123,73,28,NULL,0.22,NULL
"Queijo requeijão cremoso","Colher de sopa",30,"mililitros",257,62,2,9.6,23.4,13.7,NULL,558,NULL,259,0.1,195,93,12,NULL,0.19,NULL
"Queijo ricota","Fatia média",30,"gramas",140,74,4,12.6,8.1,4.5,NULL,283,NULL,253,0.1,53,112,12,NULL,0.15,NULL
"Água de Coco","Copo duplo",240,"mililitros",22,94,5,0.0,0.0,NULL,0.1,2,2.4,19,NULL,NULL,162,5,0.01,NULL,NULL
"Bebiba isotônica sabores variados","Copo",200,"mililitros",26,94,6,0.0,0.0,NULL,NULL,44,NULL,1,0.7,NULL,13,NULL,NULL,NULL,NULL
"Café infusão 10%","Copo cafézinho",50,"mililitros",9,97,1,0.7,0.1,NULL,NULL,1,NULL,3,NULL,NULL,156,10,NULL,NULL,NULL
"Caldo de cana","Copo duplo",240,"mililitros",65,82,18,NULL,NULL,NULL,0.1,NULL,2.8,9,0.8,NULL,18,12,NULL,NULL,NULL
"Cana aguardente ¹","dose",30,"mililitros",216,NULL,NULL,NULL,NULL,NULL,NULL,3,NULL,NULL,NULL,NULL,NULL,NULL,NULL,NULL,NULL
"Cerveja pilsen ²","Copo duplo",240,"mililitros",41,92,3,0.6,NULL,NULL,NULL,4,NULL,5,NULL,NULL,29,7,NULL,NULL,2.92
"Chá de erva-doce infusão 5%","xicará de chá",200,"mililitros",1,100,0,0.0,0.0,NULL,NULL,1,NULL,2,NULL,NULL,10,1,1.23,0.23,NULL
"Chá mate infusão 5%","xicará de chá",200,"mililitros",3,99,1,0.0,0.1,NULL,NULL,NULL,NULL,1,NULL,NULL,5,2,0.89,NULL,NULL
"Chá preto infusão 5%","xicara de chá",200,"mililitros",2,99,1,0.0,0.0,NULL,NULL,NULL,NULL,0,NULL,NULL,13,1,3.11,0.48,NULL
"Refrigerante tipo água tônica","Copo duplo",240,"mililitros",31,92,8,0.0,0.0,NULL,NULL,8,NULL,1,NULL,NULL,2,NULL,NULL,NULL,NULL
"Refrigerante tipo cola","Copo duplo",240,"mililitros",34,91,9,0.0,0.0,NULL,NULL,7,NULL,1,NULL,NULL,1,NULL,NULL,NULL,NULL
"Refrgerante tipo guaraná","Copo duplo",240,"mililitros",39,90,10,0.0,0.0,NULL,NULL,9,NULL,1,NULL,NULL,1,NULL,NULL,NULL,NULL
"Refrigerante tipo laranja","Copo duplo",240,"mililitros",46,88,12,0.0,0.0,NULL,NULL,9,NULL,2,NULL,NULL,16,1,NULL,NULL,NULL
"Refrigerante tipo limão","Copo duplo",240,"mililitros",40,90,10,0.0,0.0,NULL,NULL,9,NULL,2,NULL,NULL,4,1,NULL,NULL,NULL
"Omelete de queijo","Unidade pequena",75,"gramas",268,60,0,15.6,22.0,6.4,NULL,216,NULL,166,1.4,59,127,14,0.03,0.24,NULL
"Ovo de codorna inteiro cru","Unidade",10,"gramas",177,72,1,13.7,12.7,8.9,NULL,129,NULL,79,3.3,305,79,11,0.11,0.12,0.97
"Ovo de galinha clara cozida/10minutos","Unidade média",30,"gramas",59,85,0,13.4,0.1,NULL,NULL,181,NULL,6,0.1,NULL,146,11,NULL,0.08,NULL
"Ovo de galinha gema cozida/10minutos","Unidade média",15,"gramas",353,50,2,15.9,30.8,9.2,NULL,45,NULL,114,2.9,148,87,9,0.18,0.22,NULL
"Ovo de galinha inteiro cozido/10minutos","Unidade média",45,"gramas",146,76,1,13.3,9.5,2.9,NULL,146,NULL,49,1.5,32,139,11,0.08,0.30,NULL
"Ovo de galinha inteiro cru","Unidade média",50,"gramas",143,76,2,13.0,8.9,2.6,NULL,168,NULL,42,1.6,79,150,13,0.07,0.58,0.75
"Ovo de galinha interio frito","Unidade média",50,"gramas",240,63,1,15.6,18.6,4.1,NULL,166,NULL,73,2.1,94,184,16,0.06,0.32,NULL
"Achocolatado em pó","Colher de sopa",16,"gramas",401,1,91,4.2,2.2,1.1,3.9,65,NULL,44,5.4,796,496,77,1.38,1.02,4.99
"Açúcar cristal","Colher de sopa",24,"gramas",387,0,100,0.3,NULL,NULL,NULL,NULL,NULL,8,0.2,NULL,3,1,NULL,NULL,NULL
"Açúcar mascavo","Colher de sopa",19,"gramas",369,3,94,0.8,0.1,NULL,NULL,25,NULL,127,8.3,NULL,522,80,NULL,0.03,NULL
"Açúcar refinado","Colher de sopa",30,"gramas",387,0,100,0.3,NULL,NULL,NULL,12,NULL,4,0.1,NULL,6,1,NULL,NULL,NULL
"Chocolate ao leite","Barra pequena",30,"gramas",540,1,60,7.2,30.3,17.5,2.2,77,NULL,191,1.6,NULL,355,57,0.05,0.22,0.63
"Chocolate ao leite com castanha do Pará","Barra pequena",30,"gramas",559,1,55,7.4,34.2,14.1,2.5,64,1.4,171,1.5,36,431,80,0.04,0.24,1.37
"Chocolate ao leite dietético","Barra pequena",30,"gramas",557,2,56,6.9,33.8,19.2,2.8,85,2.0,188,3.3,7,458,67,0.31,0.25,0.79
"Chocolate meio amargo","Barra pequena",30,"gramas",475,1,62,4.9,29.9,13.1,4.9,9,2.1,45,3.6,NULL,432,107,0.20,0.04,1.06
"Cocada branca","Unidade",70,"gramas",449,3,81,1.1,13.6,8.4,3.6,29,NULL,7,1.2,NULL,183,17,NULL,NULL,0.47
"Doce de abóbora cremoso","Colher de sopa",40,"gramas",199,44,55,0.9,0.2,NULL,2.3,NULL,0.1,13,0.9,NULL,137,6,0.08,NULL,NULL
"Doce de leite cremoso","Colher de sopa",40,"gramas",306,28,59,5.5,6.0,1.3,NULL,120,NULL,195,0.1,36,259,16,0.05,0.26,NULL
"Geléia mocotó natural","Colher de sopa",40,"gramas",106,73,24,2.1,0.1,NULL,NULL,43,NULL,4,0.1,NULL,2,1,0.19,NULL,NULL
"Glicose de milho","Colher de sopa",20,"gramas",292,20,79,0.0,0.0,NULL,NULL,59,NULL,6,0.1,NULL,5,2,NULL,NULL,NULL
"Maria mole","Unidade",30,"gramas",301,22,74,3.8,0.2,NULL,0.7,15,NULL,13,0.4,NULL,24,7,0.04,NULL,NULL
"Maria mole coco queimado","Unidade",30,"gramas",307,21,75,3.9,0.1,NULL,0.6,14,NULL,19,0.5,NULL,36,6,0.04,NULL,NULL
"Marmelada","Fatia média",60,"gramas",257,28,71,0.4,0.1,NULL,4.1,11,NULL,11,0.7,NULL,83,6,NULL,NULL,NULL
"Mel de abelha","Colher de sopa",15,"gramas",309,16,84,0.0,0.0,NULL,NULL,6,0.7,10,0.3,NULL,99,6,0.11,NULL,NULL
"Melado","Colher de sopa",16,"gramas",297,22,77,0.0,0.0,NULL,NULL,4,NULL,102,5.4,NULL,395,115,NULL,0.05,NULL
"Quindim","Unidade média",35,"gramas",411,24,46,4.7,24.4,11.3,3.2,27,NULL,37,1.4,76,111,15,NULL,0.04,1.14
"Rapadura","Pedaço médio",55,"gramas",352,7,91,1.0,0.1,NULL,NULL,22,NULL,30,4.4,NULL,459,47,NULL,NULL,NULL
"Café pó torrado","Colher de sopa",10,"gramas",419,3,66,14.7,11.9,5.3,51.2,1,NULL,107,8.1,NULL,1609,165,NULL,NULL,11.89
"Capuccino pó","Colher de sopa",20,"gramas",417,3,74,11.3,8.6,4.0,2.4,382,NULL,467,2.3,52,886,71,NULL,1.41,NULL
"Fermento em pó quimico","Colher de chá",3,"gramas",90,7,44,0.5,0.1,NULL,NULL,10052,NULL,NULL,NULL,NULL,NULL,NULL,NULL,NULL,NULL
"Fermento biológico levedura tablete","Tablete",15,"gramas",90,72,8,17.0,1.5,NULL,4.2,40,NULL,18,2.6,NULL,576,38,0.30,0.36,NULL
"Gelatina sabores variados em pó","Colher de sopa",25,"gramas",380,1,89,8.9,NULL,NULL,NULL,235,40.0,27,0.3,NULL,7,2,NULL,NULL,NULL
"Sal dietético","Colher de sopa",15,"gramas",NULL,1,NULL,NULL,NULL,NULL,NULL,23432,NULL,NULL,NULL,NULL,20468,NULL,NULL,NULL,NULL
"Sal grosso","Pitada",1,"gramas",NULL,0,NULL,NULL,NULL,NULL,NULL,39943,NULL,NULL,NULL,NULL,NULL,NULL,NULL,NULL,NULL
"Shoyu","Colher de sopa",12,"gramas",61,71,12,3.3,0.3,NULL,NULL,5024,NULL,15,0.5,NULL,165,24,0.83,0.06,2.10
"Tempero a base de sal","Colher de sopa",10,"gramas",21,8,2,2.7,0.3,NULL,0.6,32560,NULL,NULL,NULL,NULL,NULL,NULL,NULL,NULL,NULL
"Azeitona preta em conserva","Unidade média",3,"gramas",194,68,6,1.2,20.3,3.5,4.6,1567,NULL,59,5.5,NULL,79,5,NULL,NULL,NULL
"Azeitona verde em conserva","Unidade média",4,"gramas",137,76,4,0.9,14.2,2.3,3.8,1347,NULL,46,0.2,NULL,20,4,NULL,NULL,NULL
"Chantilly spray com gordura vegetal","Colher de sopa",25,"gramas",315,55,17,0.5,27.3,25.9,NULL,110,NULL,2,NULL,NULL,5,1,0.07,NULL,NULL
"Leite de coco","Copo duplo cheio",240,"mililitros",166,78,2,1.0,18.4,15.6,0.7,44,NULL,6,0.5,NULL,144,17,NULL,NULL,NULL
"Maionese tradicional com ovos","Colher de sopa",35,"gramas",302,58,8,0.6,30.5,4.1,NULL,787,NULL,3,0.1,8,16,1,NULL,0.05,NULL
"Acarajé","Unidade média",100,"gramas",289,50,19,8.3,19.9,9.1,9.4,305,NULL,124,1.9,NULL,354,51,0.06,NULL,NULL
"Acarajé com sal","Unidade média",100,"gramas",289,50,19,8.3,19.9,9.1,9.4,500,NULL,124,1.9,NULL,354,51,0.06,NULL,NULL
"Arroz carreteiro","Colher de sopa",30,"gramas",154,68,12,10.8,7.1,3.2,1.5,1622,NULL,13,1.0,NULL,87,9,0.03,NULL,1.60
"Baião de dois, arroz e feijão-de-corda","Escumadeira",100,"gramas",136,69,20,6.2,3.2,0.6,5.1,93,NULL,33,0.6,NULL,157,19,0.04,NULL,NULL
"Barreado","Concha média",150,"gramas",165,71,0,18.3,9.5,3.3,0.1,48,NULL,15,2.4,NULL,295,21,0.03,0.04,2.09
"Bife à cavalo, com contra filé","Bife médio",100,"gramas",291,54,0,23.7,21.1,7.9,NULL,83,NULL,26,2.1,37,272,19,0.05,0.10,2.92
"Bolinho de arroz","Unidade",40,"gramas",274,42,42,8.0,8.3,1.8,2.7,59,NULL,24,2.1,NULL,96,13,0.08,0.05,NULL
"Camarão à baiana","Unidade",40,"gramas",101,82,3,7.9,6.0,1.6,0.4,85,4.1,43,1.4,NULL,139,15,NULL,NULL,0.31
"Charuto de repolho","Unidade",15,"gramas",78,82,10,6.8,1.1,0.5,1.5,12,4.8,23,0.9,NULL,184,13,0.03,NULL,0.32
"Cuscuz de milho cozido com sal","Fatia pequena",50,"gramas",113,71,25,2.2,0.7,0.2,2.1,248,NULL,2,0.2,NULL,11,3,NULL,NULL,NULL
"Cuscuz paulista","Fatia",90,"gramas",142,69,23,2.6,4.6,1.8,2.4,236,NULL,14,0.3,NULL,53,5,NULL,NULL,0.93
"Dobradinha","Colher de sopa",35,"gramas",125,75,0,19.8,4.4,2.5,NULL,29,NULL,11,1.0,NULL,58,8,NULL,NULL,4.27
"Estrogonofe de carne","Colher de sopa",25,"gramas",173,70,3,15.0,10.8,5.3,NULL,123,NULL,28,2.7,28,322,22,0.06,0.05,3.25
"Estrogonofe de frango","Colher de sopa",25,"gramas",157,71,3,17.6,8.0,3.7,NULL,99,NULL,26,1.5,28,307,25,0.07,0.04,3.37
"Feijão tropeiro mineiro","Colher de sopa",15,"gramas",152,62,20,10.2,6.8,2.2,3.6,365,NULL,41,2.2,9,349,36,NULL,NULL,1.44
"Feijoada","Concha média",225,"gramas",117,72,12,8.7,6.5,1.9,5.1,278,NULL,32,1.3,NULL,303,32,0.08,0.03,0.93
"Frango com açafrão","Filé médio",100,"gramas",113,80,4,9.7,6.2,1.6,0.2,29,5.3,13,0.8,8,256,16,0.03,NULL,1.64
"Macarrão com molho bolognesa","Escumadeira",110,"gramas",120,71,23,4.9,0.9,0.3,0.8,9,NULL,11,1.4,NULL,84,10,0.04,NULL,1.44
"Quibebe","Colher de sopa",35,"gramas",86,81,7,8.6,2.7,1.0,1.7,247,NULL,8,0.8,0,153,10,NULL,0.03,NULL
"Salada de legumes com maionese","Colher de sopa",35,"gramas",96,82,9,1.1,7.0,1.1,2.2,228,NULL,12,0.2,141,141,9,0.04,NULL,NULL
"Salada de legumes cozida no vapor","Colher de sopa",30,"gramas",35,90,7,2.0,0.3,0.1,2.5,3,29.4,33,0.4,255,244,19,0.05,0.03,NULL
"Salpicão de frango","Colher de sopa",25,"gramas",148,73,5,13.9,7.8,1.3,0.4,248,9.3,9,0.3,7,149,13,0.05,NULL,1.48
"Sarapatel","Colher de sopa",30,"gramas",123,75,1,18.5,4.4,1.4,NULL,216,NULL,12,7.2,1464,199,13,NULL,0.11,3.84
"Tabule","Colher de sopa",40,"gramas",57,86,11,2.0,1.2,0.2,2.1,1,16.2,19,0.6,NULL,188,18,0.03,NULL,0.60
"Baião de dois, arroz e feijão-de-corda com sal","Escumadeira",100,"gramas",136,69,20,6.2,3.2,0.6,5.1,600,NULL,33,0.6,NULL,157,19,0.04,NULL,NULL
"Barreado com sal","Concha média",150,"gramas",165,71,0,18.3,9.5,3.3,0.1,600,NULL,15,2.4,NULL,295,21,0.03,0.04,2.09
"Bife à cavalo, com contra filé com sal","Bife médio",100,"gramas",291,54,0,23.7,21.1,7.9,NULL,600,NULL,26,2.1,37,272,19,0.05,0.10,2.92
"Bolinho de arroz com sal","Unidade",40,"gramas",274,42,42,8.0,8.3,1.8,2.7,500,NULL,24,2.1,NULL,96,13,0.08,0.05,NULL
"Camarão à baiana com sal","Unidade",40,"gramas",101,82,3,7.9,6.0,1.6,0.4,500,4.1,43,1.4,NULL,139,15,NULL,NULL,0.31
"Charuto de repolho com sal","Unidade",15,"gramas",78,82,10,6.8,1.1,0.5,1.5,500,4.8,23,0.9,NULL,184,13,0.03,NULL,0.32
"Cuscuz de milho cozido com sal com sal","Fatia pequena",50,"gramas",113,71,25,2.2,0.7,0.2,2.1,500,NULL,2,0.2,NULL,11,3,NULL,NULL,NULL
"Cuscuz paulista com sal","Fatia",90,"gramas",142,69,23,2.6,4.6,1.8,2.4,500,NULL,14,0.3,NULL,53,5,NULL,NULL,0.93
"Dobradinha com sal","Colher de sopa",35,"gramas",125,75,0,19.8,4.4,2.5,NULL,500,NULL,11,1.0,NULL,58,8,NULL,NULL,4.27
"Estrogonofe de carne com sal","Colher de sopa",25,"gramas",173,70,3,15.0,10.8,5.3,NULL,500,NULL,28,2.7,28,322,22,0.06,0.05,3.25
"Estrogonofe de frango com sal","Colher de sopa",25,"gramas",157,71,3,17.6,8.0,3.7,NULL,500,NULL,26,1.5,28,307,25,0.07,0.04,3.37
"Feijão tropeiro mineiro com sal","Colher de sopa",15,"gramas",152,62,20,10.2,6.8,2.2,3.6,700,NULL,41,2.2,9,349,36,NULL,NULL,1.44
"Feijoada com sal","Concha média",225,"gramas",117,72,12,8.7,6.5,1.9,5.1,700,NULL,32,1.3,NULL,303,32,0.08,0.03,0.93
"Frango com açafrão com sal","Filé médio",100,"gramas",113,80,4,9.7,6.2,1.6,0.2,700,5.3,13,0.8,8,256,16,0.03,NULL,1.64
"Macarrão com molho bolognesa com sal","Escumadeira",110,"gramas",120,71,23,4.9,0.9,0.3,0.8,500,NULL,11,1.4,NULL,84,10,0.04,NULL,1.44
"Quibebe com sal","Colher de sopa",35,"gramas",86,81,7,8.6,2.7,1.0,1.7,500,NULL,8,0.8,0,153,10,NULL,0.03,NULL
"Salada de legumes com maionese com sal","Colher de sopa",35,"gramas",96,82,9,1.1,7.0,1.1,2.2,500,NULL,12,0.2,141,141,9,0.04,NULL,NULL
"Salada de legumes cozida no vapor com sal","Colher de sopa",30,"gramas",35,90,7,2.0,0.3,0.1,2.5,500,29.4,33,0.4,255,244,19,0.05,0.03,NULL
"Salpicão de frango com sal","Colher de sopa",25,"gramas",148,73,5,13.9,7.8,1.3,0.4,500,9.3,9,0.3,7,149,13,0.05,NULL,1.48
"Sarapatel com sal","Colher de sopa",30,"gramas",123,75,1,18.5,4.4,1.4,NULL,500,NULL,12,7.2,1464,199,13,NULL,0.11,3.84
"Tabule com sal","Colher de sopa",40,"gramas",57,86,11,2.0,1.2,0.2,2.1,500,16.2,19,0.6,NULL,188,18,0.03,NULL,0.60
"Tacacá","Porção",240,"gramas",47,85,3,7.0,0.4,0.2,0.2,1349,NULL,45,0.9,18,240,30,0.05,NULL,NULL
"Tapioca com manteiga","Unidade pequena",55,"gramas",348,25,64,0.1,10.9,6.0,NULL,158,NULL,30,0.2,75,19,3,NULL,NULL,NULL
"Tucupi com pimenta-de-cheiro","Porção",30,"gramas",27,92,5,2.1,0.3,0.1,0.2,5,46.4,28,1.1,25,391,42,NULL,NULL,NULL
"Vaca atolada","Concha média",100,"gramas",145,75,10,5.1,9.3,4.1,2.3,26,NULL,63,0.7,NULL,220,16,NULL,NULL,0.77
"Vaca atolada com sal","Concha média",100,"gramas",145,75,10,5.1,9.3,4.1,2.3,700,NULL,63,0.7,NULL,220,16,NULL,NULL,0.77
"Vatapá","Unidade",100,"gramas",255,58,10,6.0,23.2,7.5,1.7,880,NULL,47,1.4,NULL,209,39,NULL,NULL,1.80
"Virado à paulista","Colher de sopa",30,"gramas",307,49,14,10.2,25.6,8.3,2.2,346,NULL,41,1.1,10,237,22,0.14,0.05,2.60
"Yakisoba","Porção",220,"gramas",113,69,18,7.5,2.6,0.6,1.1,794,NULL,14,0.6,31,159,13,0.16,NULL,2.09
"Amendoim grão cru","Colher de sopa",17,"gramas",544,6,20,27.2,43.9,8.7,8.0,NULL,NULL,NULL,2.5,NULL,580,171,0.10,0.03,10.18
"Amendoim torrado salgado","Colher de sopa",17,"gramas",606,2,19,22.5,54.0,9.7,7.8,376,NULL,39,1.3,NULL,496,159,0.08,NULL,7.47
"Ervilha em vagem","Colher de sopa",27,"gramas",88,77,14,7.5,0.5,NULL,9.7,NULL,12.4,24,1.4,NULL,311,42,0.27,0.07,1.16
"Ervilha enlatada drenada","Colher de sopa",30,"gramas",74,80,13,4.6,0.4,0.1,5.1,372,NULL,22,1.4,5,147,23,0.07,0.03,NULL
"Feijão carioca cozido","Concha média",100,"gramas",76,80,14,4.8,0.5,0.1,8.5,2,NULL,27,1.3,NULL,255,42,0.04,NULL,NULL
"Feijão carioca cru","Xicara",100,"gramas",329,14,61,20.0,1.3,0.2,18.4,NULL,NULL,123,8.0,NULL,1352,210,0.17,NULL,4.02
"Feijão fradinho cozido","Colher de sopa",25,"gramas",78,80,13,5.1,0.6,0.2,7.5,1,NULL,17,1.1,NULL,253,38,0.12,NULL,NULL
"Feijão jalo cozido","Concha média",100,"gramas",93,76,16,6.1,0.5,0.1,13.9,1,NULL,29,1.9,NULL,348,44,0.13,NULL,NULL
"Feijão preto cozido","Concha média",100,"gramas",77,80,14,4.5,0.5,0.1,8.4,2,NULL,29,1.5,NULL,256,40,0.06,NULL,NULL
"Feijão preto cru","Concha média",100,"gramas",324,15,59,21.3,1.2,0.2,21.8,NULL,NULL,111,6.5,NULL,1416,188,0.12,NULL,4.60
"Feijão rajado cozido","Concha média",100,"gramas",85,78,15,5.5,0.4,0.1,9.3,1,NULL,29,1.4,NULL,315,42,0.09,NULL,NULL
"Feijão rosinha cozido","Concha média",100,"gramas",68,83,12,4.5,0.5,0.2,4.8,2,NULL,19,1.2,NULL,241,43,NULL,NULL,3.69
"Feijão roxo cozido","Concha média",100,"gramas",77,80,13,5.7,0.5,0.1,11.5,1,NULL,23,1.4,NULL,268,34,0.15,NULL,NULL
"Grão-de-bico cru","Xicara",100,"gramas",355,12,58,21.2,5.4,0.9,12.4,5,NULL,114,5.4,NULL,1116,146,0.52,NULL,NULL
"Guandu cru","Xicara",100,"gramas",344,11,64,19.0,2.1,0.6,21.3,2,1.5,129,1.9,NULL,1215,166,1.06,NULL,2.69
"Lentilha cozida","Colher de sopa",20,"gramas",93,76,16,6.3,0.5,0.1,7.9,1,NULL,16,1.5,NULL,220,22,0.03,NULL,NULL
"Ervilha em vagem com sal","Colher de sopa",27,"gramas",88,77,14,7.5,0.5,NULL,9.7,500,12.4,24,1.4,NULL,311,42,0.27,0.07,1.16
"Feijão carioca cozido com sal","Concha média",100,"gramas",76,80,14,4.8,0.5,0.1,8.5,500,NULL,27,1.3,NULL,255,42,0.04,NULL,NULL
"Feijão fradinho cozido com sal","Colher de sopa",25,"gramas",78,80,13,5.1,0.6,0.2,7.5,500,NULL,17,1.1,NULL,253,38,0.12,NULL,NULL
"Feijão jalo cozido com sal","Concha média",100,"gramas",93,76,16,6.1,0.5,0.1,13.9,500,NULL,29,1.9,NULL,348,44,0.13,NULL,NULL
"Feijão preto cozido com sal","Concha média",100,"gramas",77,80,14,4.5,0.5,0.1,8.4,500,NULL,29,1.5,NULL,256,40,0.06,NULL,NULL
"Feijão rajado cozido com sal","Concha média",100,"gramas",85,78,15,5.5,0.4,0.1,9.3,500,NULL,29,1.4,NULL,315,42,0.09,NULL,NULL
"Feijão rosinha cozido com sal","Concha média",100,"gramas",68,83,12,4.5,0.5,0.2,4.8,500,NULL,19,1.2,NULL,241,43,NULL,NULL,3.69
"Feijão roxo cozido com sal","Concha média",100,"gramas",77,80,13,5.7,0.5,0.1,11.5,500,NULL,23,1.4,NULL,268,34,0.15,NULL,NULL
"Grão-de-bico  com sal","Xicara",100,"gramas",355,12,58,21.2,5.4,0.9,12.4,500,NULL,114,5.4,NULL,1116,146,0.52,NULL,NULL
"Lentilha cozida com sal","Colher de sopa",20,"gramas",93,76,16,6.3,0.5,0.1,7.9,500,NULL,16,1.5,NULL,220,22,0.03,NULL,NULL
"Paçoca amendoim","Unidade",30,"gramas",487,2,52,16.0,26.1,4.1,7.3,167,NULL,22,1.1,NULL,348,101,NULL,NULL,NULL
"Pé-de-moleque amendoim","Unidade média",20,"gramas",503,3,55,13.2,28.0,5.1,3.4,16,NULL,27,1.3,NULL,355,108,0.04,0.03,5.94
"Soja farinha","Colher de sopa",17,"gramas",404,6,38,36.0,14.6,NULL,20.2,6,NULL,206,13.1,NULL,1922,242,0.20,0.04,NULL
"Soja extrato solúvel narutal fluido","Copo americano",200,"mililitros",39,91,4,2.4,1.6,0.2,0.4,57,NULL,17,0.4,NULL,121,15,NULL,NULL,NULL
"Soja extrato solúvel pó","Colher de sopa",20,"gramas",459,4,28,35.7,26.2,3.3,7.3,83,9.2,359,7.0,NULL,1607,216,NULL,0.11,NULL
"Soja queijo(tofu)","Pedaço",30,"gramas",64,87,2,6.6,4.0,0.4,0.8,1,NULL,81,1.4,NULL,182,38,0.04,NULL,NULL
"Tremoço cru","Colher de sopa",10,"gramas",381,10,44,33.6,10.3,1.2,32.3,3,25.0,177,2.8,NULL,708,121,0.24,NULL,NULL
"Tremoço em conserva","xícara",120,"gramas",121,68,12,11.1,3.8,0.4,14.4,1809,NULL,16,0.3,NULL,5,4,NULL,NULL,NULL
"Amêndoa torrada salgada","Unidade média",1,"gramas",581,3,30,18.6,47.3,4.8,11.6,279,NULL,237,3.1,NULL,640,222,0.29,0.16,NULL
"Castanha-de-caju torrada salgada","Unidade média",2.5,"gramas",570,3,29,18.5,46.3,7.7,3.7,125,NULL,33,5.2,NULL,671,237,0.29,0.05,NULL
"Castanha-do-Brasil crua","Unidade média",4,"gramas",643,4,15,14.5,63.5,15.3,7.9,1,NULL,146,2.3,NULL,651,365,0.30,NULL,NULL
"Coco cru","Porção média",100,"gramas",406,43,10,3.7,42.0,30.0,5.4,15,2.5,6,1.8,NULL,354,51,NULL,NULL,NULL
"Coco verde cru","Porção média",100,"gramas",NULL,NULL,NULL,NULL,NULL,3.1,NULL,NULL,NULL,NULL,NULL,NULL,NULL,NULL,NULL,NULL,NULL
"Gergelim semente","Colher de sopa",15,"gramas",584,4,22,21.2,50.4,7.8,11.9,3,NULL,825,5.4,NULL,546,361,0.94,NULL,5.92
"Linhaça semente","Colher de sopa",15,"gramas",495,7,43,14.1,32.3,4.2,33.5,9,NULL,211,4.7,NULL,869,347,0.12,NULL,NULL
"Pinhão cozido","Concha média",100,"gramas",174,51,44,3.0,0.7,0.3,15.6,1,27.7,16,0.8,NULL,727,53,NULL,NULL,NULL
"Pupunha cozida ","Unidade média",25,"gramas",219,54,30,2.5,12.8,3.1,4.3,1,2.2,28,0.5,438,303,25,NULL,0.09,NULL
"Noz crua","Unidade",5,"gramas",620,6,18,14.0,59.4,5.6,7.2,5,NULL,105,2.0,NULL,533,153,0.38,NULL,1.08
